"gender","parental_education_level","extracurricular_participation","part_time_job","diet_quality","exercise_frequency_group","sleep_hours_group","attendance_percentage_group","study_hours_per_day_group","count_of_students","avg_exam_score","avg_exercise_frequency","avg_attendance_percentage","avg_study_hours_per_day","avg_sleep_hours"
"Female","Master","No","Yes","Poor","0-2","5-8","76-86","2-4","1","66.30","0.00","83.80","3.20","6.60"
"Female","None","Yes","No","Good","2-4","0-5","66-76","4-6","1","87.10","3.00","76.00","5.20","4.60"
"Female","Bachelor","No","No","Good","> 4","> 8","> 86","2-4","1","69.70","6.00","98.80","3.70","8.50"
"Male","Bachelor","Yes","No","Good","0-2","5-8","76-86","0-2","1","40.40","1.00","81.30","2.00","6.70"
"Male","High School","Yes","No","Fair","> 4","5-8","0-66","2-4","1","77.00","6.00","65.30","3.90","5.10"
"Male","None","Yes","No","Fair","> 4","0-5","> 86","2-4","1","58.70","5.00","92.00","3.50","3.80"
"Male","Master","No","No","Fair","> 4","5-8","> 86","2-4","2","67.35","5.50","92.30","2.95","5.65"
"Female","Master","No","No","Poor","2-4","0-5","66-76","0-2","1","58.60","4.00","69.90","1.20","4.80"
"Female","Bachelor","Yes","No","Fair","0-2","5-8","76-86","4-6","1","80.60","0.00","83.20","5.50","6.80"
"Male","Master","No","No","Good","2-4","5-8","76-86","4-6","1","71.40","4.00","78.90","4.30","7.50"
"Female","Master","Yes","No","Good","2-4","5-8","76-86","> 6","1","97.10","3.00","84.50","6.70","6.70"
"Male","High School","No","No","Fair","2-4","5-8","76-86","2-4","2","70.80","3.00","81.30","3.75","6.65"
"Female","Bachelor","No","No","Fair","> 4","0-5","> 86","2-4","1","58.20","6.00","86.10","2.50","4.00"
"Male","High School","Yes","No","Fair","0-2","5-8","76-86","2-4","3","73.10","1.67","78.17","3.27","6.70"
"Female","High School","No","No","Good","> 4","0-5","> 86","> 6","1","100.00","6.00","97.30","6.90","4.60"
"Female","Bachelor","No","Yes","Poor","> 4","5-8","> 86","0-2","1","70.90","6.00","95.80","1.80","7.70"
"Male","Bachelor","Yes","Yes","Good","0-2","5-8","66-76","2-4","1","51.10","0.00","71.50","3.10","5.60"
"Female","Bachelor","No","No","Fair","2-4","0-5","> 86","2-4","1","75.80","4.00","89.30","3.40","4.70"
"Male","Bachelor","Yes","No","Fair","2-4","0-5","> 86","2-4","1","65.40","4.00","88.30","3.20","4.90"
"Male","Master","No","No","Good","0-2","5-8","76-86","4-6","1","91.30","0.00","85.80","5.60","6.10"
"Male","Bachelor","Yes","Yes","Good","2-4","0-5","76-86","2-4","1","67.80","3.00","77.60","2.90","4.90"
"Female","Bachelor","Yes","No","Fair","2-4","0-5","76-86","> 6","1","87.90","3.00","80.90","6.20","3.70"
"Male","Bachelor","No","No","Fair","0-2","0-5","76-86","4-6","1","84.50","0.00","84.40","5.50","4.90"
"Male","High School","No","Yes","Good","> 4","5-8","> 86","4-6","1","94.70","6.00","93.10","4.50","7.10"
"Male","None","Yes","Yes","Good","2-4","5-8","76-86","0-2","1","30.20","4.00","81.00","0.50","7.70"
"Female","Master","No","No","Poor","2-4","5-8","> 86","4-6","1","69.40","4.00","86.50","4.30","5.50"
"Other","High School","No","Yes","Good","0-2","5-8","0-66","4-6","1","67.50","1.00","62.00","4.70","5.40"
"Female","High School","Yes","Yes","Fair","0-2","5-8","> 86","0-2","1","53.30","1.00","88.00","0.00","5.40"
"Male","Bachelor","Yes","No","Fair","2-4","0-5","76-86","2-4","2","62.10","3.00","80.40","3.60","3.55"
"Female","High School","No","Yes","Fair","2-4","5-8","76-86","2-4","1","77.20","4.00","83.50","3.60","6.20"
"Male","Master","Yes","No","Good","> 4","5-8","66-76","2-4","1","61.80","6.00","74.50","3.20","8.00"
"Female","Bachelor","Yes","No","Good","2-4","5-8","76-86","2-4","1","74.70","3.00","83.20","4.00","7.70"
"Male","High School","Yes","Yes","Good","0-2","5-8","66-76","0-2","1","42.20","1.00","69.20","1.30","5.50"
"Male","Bachelor","No","Yes","Good","0-2","5-8","76-86","2-4","1","67.40","0.00","79.10","3.50","5.50"
"Male","Bachelor","No","Yes","Good","0-2","5-8","76-86","4-6","1","96.80","0.00","83.10","6.00","7.60"
"Other","Master","No","Yes","Good","0-2","5-8","66-76","4-6","1","67.50","0.00","68.80","4.10","7.20"
"Female","Bachelor","Yes","No","Poor","2-4","5-8","66-76","2-4","1","58.30","3.00","72.80","3.80","6.90"
"Female","Bachelor","No","No","Poor","2-4","5-8","> 86","2-4","1","75.20","4.00","100.00","3.40","6.80"
"Male","Bachelor","No","Yes","Good","2-4","> 8","76-86","0-2","1","36.10","3.00","77.50","0.30","8.30"
"Male","High School","No","No","Fair","0-2","5-8","66-76","0-2","1","45.30","1.00","71.10","1.80","7.50"
"Female","High School","No","No","Good","> 4","5-8","> 86","4-6","2","89.15","5.00","89.05","4.85","6.35"
"Male","High School","No","No","Fair","> 4","5-8","76-86","4-6","2","94.70","5.50","83.30","4.90","7.15"
"Male","Bachelor","No","Yes","Fair","> 4","5-8","76-86","2-4","1","52.60","6.00","79.70","3.00","7.00"
"Male","Bachelor","No","No","Fair","0-2","> 8","66-76","0-2","1","36.20","2.00","74.60","1.20","8.20"
"Female","Master","Yes","Yes","Poor","0-2","5-8","76-86","4-6","1","86.40","2.00","83.40","5.90","5.70"
"Female","Bachelor","No","Yes","Poor","2-4","5-8","76-86","0-2","1","34.70","3.00","83.90","0.80","5.50"
"Female","None","Yes","No","Good","> 4","0-5","> 86","2-4","1","61.60","5.00","88.20","2.90","3.80"
"Female","High School","No","No","Fair","2-4","5-8","76-86","2-4","2","71.20","4.00","78.15","3.60","5.90"
"Male","High School","No","No","Fair","2-4","5-8","> 86","0-2","2","50.35","3.50","90.70","1.20","6.20"
"Male","Master","No","No","Poor","> 4","5-8","> 86","0-2","1","59.60","5.00","91.40","1.10","7.00"
"Female","Bachelor","No","No","Fair","> 4","5-8","76-86","4-6","2","79.90","5.50","78.65","4.85","6.80"
"Male","None","No","Yes","Good","> 4","0-5","76-86","2-4","1","55.90","5.00","81.20","3.50","5.00"
"Female","Bachelor","No","Yes","Good","> 4","0-5","76-86","2-4","1","58.90","5.00","80.00","2.50","3.60"
"Female","High School","Yes","No","Poor","0-2","5-8","> 86","2-4","3","69.10","0.00","90.13","3.20","7.17"
"Female","Bachelor","No","No","Fair","0-2","5-8","> 86","2-4","4","65.15","1.25","96.20","3.20","7.23"
"Male","Bachelor","No","Yes","Fair","0-2","5-8","76-86","4-6","1","73.00","1.00","84.50","4.10","7.60"
"Female","High School","Yes","No","Good","2-4","> 8","66-76","2-4","1","74.70","3.00","67.00","2.80","8.50"
"Female","Bachelor","No","No","Good","2-4","5-8","76-86","0-2","1","51.80","4.00","85.70","0.80","7.10"
"Female","Master","No","No","Poor","0-2","0-5","> 86","4-6","1","79.30","0.00","90.30","5.10","5.00"
"Male","High School","Yes","No","Poor","> 4","5-8","76-86","2-4","1","78.10","6.00","78.20","3.80","6.50"
"Other","High School","Yes","No","Good","0-2","5-8","76-86","2-4","1","70.40","2.00","81.20","3.80","6.70"
"Female","None","No","No","Fair","2-4","5-8","> 86","0-2","1","35.80","3.00","94.50","1.10","5.30"
"Female","High School","No","No","Good","0-2","> 8","76-86","4-6","1","76.90","1.00","84.80","4.40","8.30"
"Female","Master","No","Yes","Fair","2-4","> 8","66-76","2-4","1","70.80","4.00","68.70","3.80","9.10"
"Female","High School","No","No","Good","> 4","5-8","66-76","0-2","1","49.10","5.00","69.80","2.00","7.00"
"Female","High School","No","No","Good","> 4","> 8","76-86","4-6","1","88.00","5.00","81.20","4.80","8.10"
"Male","High School","No","No","Good","2-4","0-5","> 86","4-6","1","84.10","4.00","91.60","5.30","5.00"
"Male","Bachelor","No","No","Good","2-4","5-8","> 86","4-6","1","92.00","4.00","98.60","5.20","5.70"
"Female","High School","No","Yes","Good","0-2","> 8","76-86","2-4","1","76.10","0.00","80.30","3.30","9.70"
"Female","High School","Yes","No","Fair","> 4","5-8","66-76","2-4","1","50.40","5.00","71.50","2.40","6.80"
"Male","High School","No","Yes","Fair","0-2","5-8","66-76","2-4","2","61.45","0.50","72.10","3.70","5.85"
"Female","Bachelor","Yes","No","Fair","> 4","5-8","> 86","> 6","1","100.00","5.00","94.60","7.40","5.70"
"Female","High School","Yes","No","Good","> 4","5-8","76-86","2-4","1","67.50","6.00","76.50","3.20","5.40"
"Female","None","No","No","Fair","0-2","5-8","> 86","2-4","1","40.70","2.00","95.90","2.80","6.30"
"Male","Bachelor","Yes","No","Good","> 4","> 8","76-86","2-4","1","47.00","5.00","78.90","2.40","8.20"
"Male","High School","Yes","No","Good","0-2","5-8","76-86","0-2","1","26.80","1.00","83.00","0.30","6.20"
"Male","Bachelor","No","Yes","Good","> 4","5-8","76-86","2-4","1","78.80","6.00","78.60","2.50","7.80"
"Male","None","No","No","Fair","> 4","5-8","76-86","4-6","1","83.20","6.00","81.00","5.10","5.50"
"Male","High School","No","No","Fair","0-2","0-5","66-76","2-4","1","61.00","1.00","72.60","3.60","3.30"
"Male","High School","No","No","Fair","2-4","0-5","> 86","0-2","1","49.90","3.00","86.70","1.10","4.90"
"Female","None","No","No","Fair","0-2","5-8","> 86","4-6","1","74.90","1.00","92.70","4.80","6.40"
"Male","Bachelor","No","No","Fair","2-4","5-8","> 86","4-6","1","98.70","3.00","90.90","4.90","6.00"
"Male","Bachelor","Yes","No","Poor","2-4","5-8","76-86","2-4","1","59.60","3.00","80.00","3.10","6.60"
"Male","Bachelor","No","No","Good","0-2","5-8","76-86","2-4","1","39.60","0.00","84.00","2.60","6.20"
"Female","Bachelor","No","No","Good","0-2","5-8","76-86","4-6","3","79.40","0.67","81.63","4.83","6.77"
"Female","High School","Yes","No","Fair","> 4","5-8","> 86","4-6","2","88.15","6.00","93.80","5.55","6.10"
"Male","None","No","Yes","Poor","0-2","5-8","> 86","4-6","1","100.00","0.00","98.90","6.00","6.40"
"Male","Master","No","No","Poor","0-2","5-8","76-86","4-6","1","70.60","2.00","85.70","4.20","5.60"
"Male","Bachelor","No","No","Good","2-4","5-8","76-86","2-4","1","62.50","3.00","82.20","3.60","5.80"
"Male","High School","Yes","Yes","Fair","> 4","> 8","> 86","4-6","1","98.40","5.00","87.10","5.30","8.50"
"Female","Master","No","No","Good","2-4","5-8","76-86","> 6","1","100.00","4.00","77.30","6.50","6.30"
"Male","High School","No","Yes","Fair","> 4","5-8","> 86","2-4","1","72.30","6.00","87.40","3.70","6.60"
"Male","Master","Yes","Yes","Good","0-2","5-8","76-86","4-6","1","62.90","2.00","85.80","4.50","5.40"
"Male","Master","No","Yes","Good","2-4","5-8","76-86","4-6","1","91.60","3.00","79.90","5.90","5.50"
"Male","High School","Yes","No","Good","0-2","5-8","76-86","2-4","1","63.50","2.00","83.70","2.70","5.60"
"Male","None","No","No","Fair","2-4","> 8","> 86","4-6","1","100.00","3.00","100.00","5.70","8.80"
"Male","Bachelor","Yes","No","Fair","0-2","5-8","76-86","4-6","1","78.40","0.00","79.30","5.30","5.90"
"Male","Bachelor","No","No","Good","> 4","5-8","66-76","2-4","2","68.60","6.00","68.45","2.70","6.10"
"Female","Bachelor","No","No","Fair","2-4","5-8","76-86","2-4","2","61.95","3.50","83.10","2.60","6.00"
"Male","Bachelor","Yes","No","Poor","> 4","5-8","> 86","2-4","1","92.60","6.00","95.30","3.50","6.50"
"Female","High School","No","Yes","Good","2-4","5-8","76-86","4-6","1","81.00","4.00","85.80","5.30","5.40"
"Female","Bachelor","Yes","No","Fair","2-4","5-8","76-86","2-4","1","62.30","4.00","83.80","2.60","6.60"
"Male","Bachelor","Yes","No","Good","> 4","5-8","76-86","2-4","2","61.45","6.00","79.30","2.95","6.35"
"Female","Bachelor","No","No","Good","> 4","5-8","> 86","0-2","2","48.15","5.00","93.05","1.80","5.85"
"Female","None","No","No","Fair","0-2","> 8","> 86","2-4","1","69.40","0.00","94.30","3.20","8.10"
"Other","Master","Yes","No","Poor","2-4","5-8","> 86","2-4","1","72.80","4.00","100.00","3.10","6.80"
"Female","None","Yes","No","Good","0-2","5-8","> 86","2-4","1","47.40","0.00","87.50","2.80","5.90"
"Male","High School","No","No","Fair","2-4","5-8","66-76","2-4","1","71.20","3.00","71.60","2.70","7.70"
"Male","Master","No","No","Good","0-2","5-8","76-86","0-2","1","51.50","1.00","81.70","1.90","5.80"
"Female","Master","No","No","Fair","2-4","5-8","76-86","4-6","1","72.60","4.00","80.70","4.30","6.30"
"Male","High School","No","No","Good","0-2","0-5","66-76","4-6","1","57.40","2.00","70.20","4.10","3.30"
"Female","Bachelor","No","Yes","Good","> 4","5-8","66-76","2-4","1","67.00","5.00","69.40","2.60","7.30"
"Male","High School","No","No","Good","0-2","5-8","76-86","4-6","1","80.70","1.00","81.20","4.40","5.40"
"Male","Master","No","No","Poor","0-2","5-8","> 86","2-4","1","52.50","0.00","100.00","2.50","6.20"
"Male","Master","Yes","Yes","Fair","0-2","5-8","> 86","4-6","1","80.90","2.00","86.60","5.70","5.70"
"Male","High School","No","Yes","Good","2-4","5-8","76-86","2-4","1","53.50","3.00","79.30","3.80","5.30"
"Other","High School","No","Yes","Good","0-2","5-8","> 86","0-2","1","43.90","2.00","88.30","2.00","7.10"
"Male","High School","No","Yes","Good","> 4","5-8","66-76","4-6","2","88.10","6.00","72.35","5.30","6.75"
"Female","High School","No","No","Good","> 4","0-5","> 86","2-4","1","73.90","6.00","86.10","3.80","4.70"
"Male","High School","No","No","Poor","> 4","5-8","66-76","4-6","1","77.40","5.00","68.30","4.30","6.10"
"Male","Master","Yes","No","Fair","> 4","> 8","66-76","4-6","1","74.00","5.00","75.10","4.30","8.40"
"Male","Master","Yes","No","Fair","2-4","5-8","> 86","0-2","1","48.30","4.00","92.30","1.10","7.60"
"Female","Bachelor","No","No","Fair","> 4","> 8","> 86","> 6","1","100.00","5.00","94.50","6.20","8.20"
"Male","Bachelor","No","No","Poor","2-4","5-8","66-76","4-6","1","64.20","4.00","73.00","4.20","6.50"
"Female","Master","No","No","Fair","> 4","5-8","66-76","4-6","1","96.20","5.00","71.20","4.90","6.40"
"Female","Master","No","Yes","Fair","> 4","5-8","76-86","2-4","1","60.10","5.00","83.20","2.50","6.50"
"Female","None","No","No","Fair","0-2","5-8","76-86","0-2","1","39.80","2.00","85.80","1.40","6.40"
"Female","Bachelor","No","No","Good","> 4","> 8","66-76","4-6","2","87.75","5.00","71.30","4.30","8.95"
"Female","Master","No","No","Fair","> 4","0-5","> 86","0-2","1","49.70","6.00","92.30","1.30","5.00"
"Other","High School","No","No","Fair","> 4","5-8","76-86","4-6","1","87.00","6.00","79.70","5.10","5.50"
"Female","None","Yes","Yes","Good","0-2","5-8","> 86","0-2","1","46.30","2.00","95.20","1.10","6.80"
"Female","High School","No","No","Good","0-2","> 8","> 86","2-4","1","45.20","0.00","89.80","2.20","8.20"
"Female","None","Yes","No","Fair","2-4","5-8","76-86","2-4","1","72.90","3.00","78.70","3.50","6.30"
"Male","High School","No","No","Good","2-4","5-8","76-86","0-2","1","46.20","3.00","80.90","1.50","6.00"
"Male","Bachelor","No","Yes","Fair","2-4","5-8","76-86","4-6","1","77.60","3.00","76.50","4.10","5.10"
"Female","Master","No","No","Fair","0-2","5-8","> 86","2-4","3","62.30","1.33","93.67","3.67","6.60"
"Male","High School","Yes","No","Fair","2-4","5-8","> 86","2-4","1","63.50","3.00","88.90","3.70","6.80"
"Male","Bachelor","Yes","No","Good","2-4","0-5","> 86","2-4","1","63.90","3.00","92.20","2.40","4.80"
"Male","None","No","No","Fair","0-2","0-5","76-86","2-4","1","75.90","2.00","80.70","4.00","4.80"
"Female","Bachelor","No","Yes","Fair","2-4","5-8","76-86","0-2","1","54.90","4.00","81.80","2.00","5.50"
"Female","Bachelor","Yes","No","Good","0-2","5-8","> 86","4-6","3","83.13","0.33","96.23","4.97","5.80"
"Male","High School","Yes","No","Fair","0-2","5-8","> 86","4-6","1","60.10","0.00","89.30","4.60","5.30"
"Male","Master","No","Yes","Fair","0-2","5-8","66-76","> 6","1","85.30","2.00","73.10","6.30","6.90"
"Female","High School","Yes","No","Poor","> 4","> 8","76-86","0-2","1","46.60","5.00","84.70","1.30","8.10"
"Male","Bachelor","No","No","Good","0-2","> 8","66-76","2-4","1","67.70","0.00","69.90","3.50","9.30"
"Male","Bachelor","No","No","Poor","> 4","5-8","> 86","4-6","1","99.30","6.00","90.50","5.80","7.90"
"Male","High School","No","Yes","Good","> 4","5-8","66-76","2-4","1","58.40","6.00","74.00","2.80","5.10"
"Female","High School","No","No","Good","0-2","0-5","> 86","4-6","1","69.70","1.00","90.10","4.70","4.60"
"Male","Bachelor","No","Yes","Fair","> 4","5-8","66-76","4-6","1","80.30","5.00","70.30","4.70","7.60"
"Female","Master","Yes","No","Good","0-2","5-8","66-76","4-6","1","88.90","2.00","72.30","4.60","5.50"
"Male","Master","No","No","Fair","2-4","5-8","66-76","4-6","1","66.70","3.00","72.70","4.10","5.80"
"Female","Master","No","No","Good","2-4","> 8","> 86","4-6","1","93.00","4.00","92.80","4.60","8.20"
"Male","Bachelor","No","No","Good","0-2","0-5","> 86","> 6","1","93.10","1.00","97.20","6.80","4.40"
"Female","High School","No","Yes","Poor","0-2","5-8","> 86","4-6","1","77.90","2.00","93.00","5.20","7.50"
"Male","Bachelor","No","No","Fair","0-2","5-8","66-76","4-6","1","81.90","2.00","75.80","4.40","7.00"
"Male","High School","Yes","No","Good","2-4","5-8","> 86","2-4","1","52.40","4.00","94.70","2.40","5.80"
"Male","High School","No","Yes","Fair","> 4","0-5","76-86","4-6","1","84.50","5.00","83.90","4.70","4.70"
"Other","Bachelor","Yes","Yes","Fair","2-4","5-8","76-86","2-4","1","69.80","4.00","79.00","3.00","7.40"
"Female","Master","Yes","Yes","Good","0-2","5-8","76-86","2-4","1","53.40","0.00","79.90","3.50","7.40"
"Male","Bachelor","Yes","No","Fair","> 4","5-8","76-86","4-6","1","94.60","6.00","84.10","5.00","6.70"
"Male","High School","No","Yes","Fair","> 4","5-8","76-86","2-4","1","62.60","5.00","81.40","3.30","6.90"
"Male","Bachelor","No","Yes","Fair","2-4","0-5","0-66","2-4","1","60.00","4.00","60.60","3.50","4.80"
"Female","High School","No","No","Fair","> 4","5-8","76-86","4-6","3","92.27","5.67","81.77","4.77","6.20"
"Male","Bachelor","Yes","No","Poor","0-2","0-5","> 86","0-2","1","29.70","1.00","92.50","1.40","4.70"
"Female","High School","Yes","No","Good","> 4","5-8","76-86","> 6","1","97.70","5.00","77.90","6.60","6.90"
"Other","None","No","Yes","Good","0-2","> 8","> 86","0-2","1","53.60","1.00","97.30","1.70","8.70"
"Male","High School","No","No","Good","0-2","5-8","66-76","4-6","1","82.30","1.00","71.30","5.50","5.70"
"Male","None","No","No","Good","0-2","5-8","76-86","4-6","1","80.80","1.00","82.30","4.10","7.50"
"Female","Bachelor","Yes","No","Good","0-2","5-8","76-86","2-4","2","66.55","1.00","79.35","3.70","7.10"
"Male","Bachelor","No","No","Poor","0-2","0-5","76-86","2-4","1","63.70","0.00","79.00","3.10","4.80"
"Female","High School","Yes","Yes","Poor","0-2","5-8","> 86","2-4","1","73.00","1.00","88.60","3.90","5.70"
"Female","High School","No","No","Poor","> 4","5-8","66-76","2-4","1","65.50","5.00","75.20","3.80","6.30"
"Male","Bachelor","No","Yes","Fair","> 4","0-5","> 86","2-4","1","71.10","5.00","88.10","3.20","4.80"
"Male","Bachelor","No","No","Fair","0-2","5-8","76-86","4-6","2","83.05","0.50","83.50","5.15","6.50"
"Female","None","Yes","No","Poor","2-4","5-8","76-86","4-6","1","73.20","3.00","81.80","4.10","7.00"
"Male","Master","No","No","Good","2-4","5-8","76-86","0-2","1","35.40","3.00","81.70","1.40","7.10"
"Female","Master","No","No","Fair","> 4","5-8","76-86","> 6","1","100.00","5.00","84.90","6.20","7.00"
"Male","High School","No","No","Poor","> 4","5-8","> 86","2-4","1","62.90","5.00","88.10","3.00","5.40"
"Male","High School","No","No","Poor","0-2","5-8","> 86","0-2","1","34.30","1.00","94.80","1.40","8.00"
"Male","Master","Yes","No","Poor","> 4","5-8","76-86","0-2","1","44.30","5.00","82.00","1.30","5.80"
"Female","Master","No","No","Poor","> 4","> 8","76-86","2-4","1","73.00","5.00","77.30","2.80","8.30"
"Female","Bachelor","No","No","Good","0-2","> 8","76-86","4-6","1","91.50","1.00","83.80","5.30","8.40"
"Male","High School","No","Yes","Good","> 4","5-8","76-86","2-4","1","69.30","5.00","80.20","3.70","7.70"
"Male","None","No","Yes","Fair","0-2","5-8","76-86","2-4","1","79.70","1.00","79.90","3.80","6.20"
"Male","High School","No","Yes","Fair","2-4","5-8","> 86","4-6","1","77.20","4.00","97.00","4.90","6.70"
"Male","Bachelor","No","No","Good","> 4","5-8","76-86","> 6","1","100.00","6.00","83.20","6.70","6.60"
"Male","High School","No","No","Good","> 4","5-8","76-86","2-4","2","79.50","6.00","84.15","3.85","5.70"
"Female","Master","Yes","No","Fair","> 4","0-5","> 86","2-4","1","54.10","5.00","89.50","3.10","4.10"
"Female","Master","No","No","Poor","0-2","5-8","76-86","2-4","1","69.60","0.00","80.50","3.30","5.70"
"Female","Master","No","No","Good","0-2","5-8","76-86","4-6","1","74.00","2.00","81.60","4.20","6.80"
"Male","None","Yes","No","Fair","> 4","5-8","76-86","> 6","1","100.00","6.00","79.50","7.30","7.70"
"Female","High School","Yes","Yes","Good","0-2","5-8","66-76","4-6","1","59.90","0.00","70.00","4.50","6.30"
"Male","High School","No","Yes","Fair","0-2","5-8","> 86","2-4","1","70.50","1.00","88.30","2.50","6.90"
"Female","None","No","Yes","Fair","0-2","> 8","> 86","2-4","1","56.00","0.00","90.60","3.90","8.60"
"Female","High School","No","Yes","Good","0-2","5-8","76-86","2-4","1","73.00","2.00","79.80","3.30","5.90"
"Male","Bachelor","No","No","Good","0-2","5-8","66-76","> 6","1","96.10","0.00","68.70","6.10","5.30"
"Male","High School","No","No","Fair","0-2","5-8","> 86","0-2","3","40.43","0.33","90.30","1.30","6.67"
"Male","High School","Yes","No","Poor","2-4","5-8","66-76","0-2","1","41.10","4.00","72.70","1.20","6.60"
"Male","Master","No","No","Poor","0-2","0-5","76-86","2-4","1","45.80","1.00","79.70","2.40","4.90"
"Male","Bachelor","Yes","No","Poor","0-2","5-8","> 86","0-2","1","35.70","0.00","98.60","1.90","6.20"
"Female","High School","No","No","Fair","0-2","5-8","66-76","4-6","3","71.90","1.33","71.40","4.37","6.43"
"Female","Bachelor","No","No","Poor","0-2","5-8","> 86","2-4","2","61.80","1.50","99.25","3.30","5.60"
"Female","None","No","Yes","Fair","> 4","5-8","> 86","2-4","1","69.20","5.00","100.00","3.70","7.50"
"Female","Bachelor","No","No","Poor","0-2","0-5","> 86","4-6","1","79.60","0.00","94.80","5.00","4.70"
"Female","Master","No","No","Good","0-2","> 8","76-86","2-4","1","40.90","0.00","85.30","2.30","8.90"
"Female","High School","Yes","Yes","Poor","0-2","5-8","76-86","2-4","1","65.90","1.00","86.00","2.90","6.80"
"Female","None","Yes","No","Good","2-4","0-5","76-86","2-4","1","54.70","4.00","79.60","2.40","4.00"
"Male","Bachelor","Yes","No","Fair","2-4","5-8","> 86","0-2","1","35.30","3.00","100.00","0.80","6.20"
"Female","None","No","No","Good","0-2","5-8","76-86","4-6","1","81.40","0.00","77.90","4.30","6.50"
"Female","Bachelor","No","No","Good","0-2","5-8","> 86","4-6","2","71.25","1.50","90.25","4.60","6.90"
"Female","High School","No","No","Fair","> 4","5-8","76-86","0-2","1","61.70","5.00","81.50","2.00","6.40"
"Male","Master","Yes","No","Fair","0-2","5-8","> 86","2-4","1","66.80","2.00","89.30","3.50","6.30"
"Male","Bachelor","Yes","No","Fair","> 4","5-8","> 86","0-2","1","50.10","5.00","89.00","1.70","5.40"
"Male","Bachelor","No","No","Good","2-4","5-8","66-76","0-2","1","42.60","3.00","74.90","1.10","7.40"
"Female","High School","Yes","No","Fair","> 4","5-8","76-86","2-4","1","74.00","6.00","85.20","3.10","8.00"
"Female","Master","No","No","Good","0-2","5-8","> 86","4-6","1","81.10","2.00","95.80","4.70","5.10"
"Female","High School","Yes","Yes","Fair","0-2","5-8","66-76","0-2","1","47.20","2.00","72.70","0.70","7.90"
"Female","None","Yes","No","Poor","0-2","5-8","66-76","2-4","1","72.90","2.00","72.70","3.60","5.90"
"Female","High School","No","No","Fair","> 4","0-5","76-86","2-4","1","50.80","5.00","77.60","2.70","4.70"
"Other","High School","No","No","Fair","0-2","5-8","76-86","2-4","2","73.25","0.50","81.10","3.65","7.20"
"Male","Master","No","Yes","Fair","2-4","5-8","> 86","4-6","1","70.10","3.00","100.00","4.40","6.10"
"Female","Bachelor","Yes","No","Fair","0-2","> 8","> 86","4-6","1","90.00","1.00","88.70","5.80","8.80"
"Male","High School","Yes","No","Fair","2-4","> 8","> 86","2-4","1","72.60","3.00","92.90","3.50","8.40"
"Female","High School","Yes","No","Good","> 4","5-8","76-86","0-2","1","49.20","5.00","83.90","1.10","7.70"
"Female","Bachelor","No","No","Good","0-2","5-8","0-66","2-4","1","64.20","2.00","59.50","3.20","6.50"
"Female","None","No","Yes","Fair","2-4","5-8","> 86","4-6","1","75.40","3.00","100.00","4.20","6.10"
"Male","None","No","No","Good","> 4","5-8","> 86","2-4","1","75.90","5.00","97.00","3.50","7.20"
"Other","Bachelor","Yes","Yes","Fair","2-4","5-8","> 86","0-2","1","51.30","4.00","96.20","1.50","8.00"
"Female","High School","Yes","No","Fair","2-4","5-8","66-76","2-4","1","65.60","4.00","73.90","3.50","5.50"
"Other","Bachelor","No","No","Poor","> 4","> 8","> 86","4-6","1","89.60","6.00","86.40","4.70","8.40"
"Male","Bachelor","Yes","No","Fair","2-4","5-8","> 86","4-6","1","76.60","4.00","92.60","4.80","7.40"
"Male","None","No","No","Fair","2-4","> 8","> 86","2-4","1","62.00","3.00","99.80","2.40","8.10"
"Male","Bachelor","No","No","Good","2-4","5-8","76-86","0-2","2","63.50","4.00","80.70","1.85","6.75"
"Male","Master","No","No","Good","> 4","5-8","> 86","2-4","2","55.45","6.00","94.90","2.50","6.40"
"Male","Bachelor","No","Yes","Poor","> 4","5-8","> 86","0-2","1","37.90","6.00","87.30","0.90","6.50"
"Male","High School","No","Yes","Poor","0-2","5-8","76-86","0-2","1","42.40","1.00","81.60","0.70","6.10"
"Male","Bachelor","Yes","No","Good","0-2","> 8","> 86","2-4","1","82.90","1.00","87.10","4.00","8.10"
"Female","Bachelor","No","No","Good","> 4","5-8","76-86","2-4","2","77.45","5.50","80.50","3.15","6.75"
"Female","None","No","No","Fair","> 4","5-8","76-86","4-6","1","85.40","6.00","79.80","4.40","6.10"
"Male","High School","Yes","No","Good","2-4","5-8","76-86","0-2","1","37.40","4.00","76.90","1.70","5.80"
"Female","Bachelor","Yes","No","Fair","0-2","5-8","> 86","2-4","2","58.75","1.00","87.60","2.25","5.50"
"Male","Master","No","No","Poor","> 4","5-8","66-76","> 6","1","100.00","6.00","72.30","6.80","7.50"
"Female","High School","No","No","Fair","> 4","5-8","> 86","2-4","3","64.73","5.33","88.37","3.00","6.07"
"Other","High School","No","No","Fair","2-4","5-8","76-86","4-6","2","86.65","3.00","84.05","4.70","6.65"
"Female","Bachelor","No","Yes","Fair","> 4","5-8","66-76","2-4","1","75.10","5.00","75.70","2.90","7.30"
"Female","High School","No","No","Fair","2-4","5-8","66-76","2-4","1","70.70","3.00","74.90","3.50","7.30"
"Female","Bachelor","Yes","No","Good","0-2","5-8","76-86","4-6","3","77.97","0.00","83.00","4.80","6.23"
"Male","Bachelor","Yes","No","Fair","> 4","0-5","76-86","2-4","1","48.50","6.00","83.00","2.30","4.20"
"Female","High School","No","No","Fair","> 4","5-8","66-76","2-4","1","70.30","6.00","72.20","2.80","7.00"
"Female","High School","Yes","No","Poor","> 4","5-8","76-86","4-6","1","77.60","5.00","84.20","4.60","6.80"
"Male","Bachelor","No","No","Good","2-4","5-8","> 86","2-4","1","58.50","4.00","88.30","2.30","6.20"
"Male","Bachelor","No","No","Good","> 4","0-5","76-86","2-4","1","74.00","6.00","78.10","3.60","4.50"
"Other","Master","No","No","Fair","0-2","5-8","> 86","4-6","1","77.00","0.00","91.00","4.90","7.70"
"Female","High School","No","No","Poor","0-2","0-5","> 86","4-6","1","85.90","1.00","90.00","4.60","4.50"
"Female","High School","Yes","No","Fair","> 4","5-8","> 86","2-4","1","60.30","6.00","90.20","2.50","5.60"
"Male","Master","No","No","Poor","> 4","5-8","76-86","0-2","1","55.40","6.00","82.30","1.70","7.90"
"Female","High School","No","Yes","Fair","0-2","5-8","66-76","4-6","1","69.90","0.00","75.60","5.40","6.90"
"Male","High School","No","No","Good","2-4","0-5","76-86","2-4","1","60.40","4.00","82.70","3.50","5.00"
"Female","High School","No","Yes","Fair","> 4","5-8","0-66","2-4","1","68.10","5.00","64.00","3.10","7.10"
"Female","Master","Yes","No","Good","0-2","5-8","76-86","4-6","1","89.80","0.00","79.00","5.70","7.70"
"Other","High School","Yes","No","Good","> 4","5-8","76-86","2-4","1","89.10","5.00","84.30","3.50","7.60"
"Male","Master","Yes","No","Poor","2-4","5-8","76-86","2-4","1","84.90","3.00","85.40","3.90","6.70"
"Male","Bachelor","Yes","No","Good","2-4","> 8","66-76","0-2","1","73.60","4.00","67.60","2.00","8.10"
"Female","High School","No","Yes","Fair","2-4","5-8","76-86","4-6","1","79.80","3.00","83.70","4.30","7.70"
"Male","Master","No","No","Fair","0-2","0-5","76-86","2-4","1","49.90","0.00","78.80","3.10","3.40"
"Female","Bachelor","Yes","No","Good","0-2","5-8","66-76","> 6","1","100.00","2.00","73.00","6.60","6.40"
"Male","High School","Yes","No","Good","> 4","5-8","76-86","0-2","1","50.10","5.00","81.50","0.00","6.70"
"Male","High School","No","No","Good","> 4","5-8","66-76","2-4","1","68.30","5.00","74.30","3.20","7.10"
"Female","Bachelor","No","No","Poor","> 4","> 8","76-86","2-4","1","80.30","5.00","83.60","2.60","8.50"
"Female","Master","No","No","Fair","0-2","5-8","> 86","4-6","2","75.20","1.00","90.85","4.70","7.15"
"Female","None","No","No","Fair","0-2","5-8","76-86","4-6","1","63.30","1.00","77.60","4.60","5.80"
"Female","Master","No","No","Good","0-2","5-8","> 86","2-4","1","70.70","0.00","95.50","3.40","7.80"
"Male","Bachelor","Yes","No","Good","0-2","5-8","76-86","2-4","1","61.40","0.00","84.40","2.90","6.20"
"Female","High School","Yes","No","Fair","0-2","5-8","> 86","4-6","2","89.65","1.50","96.60","5.60","6.20"
"Male","High School","No","No","Fair","> 4","5-8","66-76","2-4","1","66.70","5.00","70.60","3.50","5.40"
"Male","Bachelor","No","No","Fair","0-2","> 8","> 86","2-4","1","78.30","2.00","92.50","2.40","8.30"
"Female","High School","Yes","No","Poor","> 4","5-8","> 86","2-4","1","81.00","6.00","93.00","3.70","5.20"
"Male","High School","No","No","Poor","> 4","> 8","66-76","2-4","1","89.10","6.00","75.80","3.60","9.50"
"Female","None","Yes","No","Fair","> 4","> 8","76-86","4-6","1","94.20","5.00","80.90","4.60","8.20"
"Male","Bachelor","No","No","Fair","> 4","> 8","76-86","2-4","1","67.20","5.00","83.60","3.00","8.20"
"Male","Bachelor","Yes","Yes","Good","> 4","5-8","66-76","2-4","1","53.90","5.00","73.00","2.60","5.80"
"Male","Bachelor","Yes","No","Fair","0-2","> 8","76-86","4-6","1","96.10","1.00","85.10","4.80","8.10"
"Female","Master","Yes","Yes","Good","2-4","5-8","> 86","2-4","1","74.20","4.00","91.00","3.90","7.50"
"Male","Bachelor","No","Yes","Good","2-4","5-8","66-76","4-6","1","89.30","4.00","71.70","4.80","7.50"
"Female","Bachelor","No","No","Poor","> 4","5-8","> 86","0-2","1","42.00","6.00","96.20","0.00","6.10"
"Male","High School","No","No","Good","> 4","5-8","> 86","4-6","2","95.45","6.00","93.60","5.00","6.70"
"Male","Bachelor","No","No","Fair","2-4","> 8","66-76","2-4","1","66.20","3.00","66.30","3.60","9.60"
"Male","High School","No","Yes","Poor","2-4","> 8","76-86","4-6","1","100.00","3.00","84.60","5.90","8.30"
"Female","None","No","No","Fair","2-4","5-8","> 86","4-6","2","89.20","3.50","98.95","5.00","6.05"
"Male","High School","No","Yes","Good","> 4","5-8","66-76","> 6","1","100.00","6.00","69.30","7.10","5.60"
"Female","Bachelor","Yes","No","Fair","> 4","5-8","0-66","0-2","1","67.90","5.00","61.00","1.70","6.70"
"Male","High School","Yes","Yes","Fair","0-2","5-8","> 86","4-6","1","72.70","0.00","100.00","5.90","6.60"
"Male","Bachelor","No","No","Good","> 4","5-8","> 86","0-2","1","45.50","6.00","88.30","1.10","6.80"
"Female","High School","No","No","Poor","> 4","5-8","76-86","4-6","1","64.60","6.00","82.80","4.30","5.40"
"Male","Master","No","No","Fair","2-4","> 8","> 86","2-4","1","64.10","3.00","87.00","3.90","8.50"
"Male","High School","No","No","Good","0-2","0-5","> 86","4-6","1","72.00","2.00","88.20","5.20","4.50"
"Other","High School","No","No","Good","> 4","5-8","66-76","4-6","1","76.80","6.00","73.80","4.30","6.60"
"Female","None","No","No","Good","0-2","5-8","> 86","2-4","1","46.70","1.00","86.40","2.20","6.90"
"Male","High School","No","No","Poor","0-2","5-8","76-86","2-4","1","60.50","0.00","85.20","3.30","7.70"
"Female","Bachelor","Yes","Yes","Fair","2-4","5-8","> 86","2-4","1","71.90","4.00","96.90","2.30","6.20"
"Female","Master","No","No","Good","> 4","> 8","> 86","2-4","1","73.00","5.00","90.00","3.30","8.50"
"Male","Bachelor","No","Yes","Fair","> 4","0-5","66-76","4-6","1","60.60","5.00","66.50","4.30","5.00"
"Female","Bachelor","Yes","No","Fair","0-2","> 8","76-86","2-4","1","58.40","2.00","81.60","3.00","9.10"
"Male","None","No","No","Fair","2-4","5-8","76-86","2-4","1","60.40","4.00","76.90","2.10","6.10"
"Female","High School","Yes","No","Poor","0-2","0-5","66-76","2-4","1","65.20","2.00","70.30","3.30","4.70"
"Female","Bachelor","No","No","Poor","2-4","5-8","76-86","> 6","1","100.00","4.00","82.80","6.20","5.90"
"Female","None","No","Yes","Fair","0-2","5-8","> 86","4-6","1","75.40","2.00","91.50","4.10","7.60"
"Female","Master","No","Yes","Good","0-2","5-8","76-86","4-6","2","81.70","1.50","82.85","5.15","6.60"
"Female","Bachelor","No","No","Poor","> 4","5-8","> 86","2-4","1","67.40","5.00","100.00","2.40","5.10"
"Male","Bachelor","No","No","Good","2-4","> 8","> 86","0-2","1","51.50","4.00","92.50","2.00","9.50"
"Female","High School","Yes","No","Good","0-2","5-8","> 86","2-4","3","70.93","2.00","88.43","3.03","6.50"
"Male","Bachelor","Yes","No","Fair","2-4","5-8","0-66","4-6","1","86.50","3.00","64.30","5.10","6.50"
"Male","High School","No","Yes","Fair","> 4","5-8","> 86","4-6","1","82.60","6.00","91.90","5.50","7.30"
"Male","High School","Yes","No","Fair","> 4","5-8","76-86","4-6","2","70.30","5.00","82.15","4.25","6.70"
"Male","Master","Yes","No","Poor","0-2","5-8","76-86","> 6","1","100.00","2.00","83.10","8.20","5.70"
"Male","None","No","No","Fair","0-2","5-8","> 86","4-6","3","75.37","0.33","98.53","4.80","6.67"
"Other","High School","No","No","Good","> 4","5-8","76-86","2-4","1","61.70","5.00","83.00","4.00","6.60"
"Female","Bachelor","No","No","Good","0-2","5-8","66-76","2-4","2","53.75","1.00","71.45","3.60","6.25"
"Male","Master","No","No","Good","> 4","5-8","66-76","2-4","2","61.45","5.50","71.45","2.65","6.45"
"Male","Bachelor","No","No","Fair","0-2","5-8","> 86","0-2","1","41.70","1.00","87.70","1.40","6.30"
"Female","High School","Yes","Yes","Good","> 4","5-8","76-86","4-6","1","76.40","6.00","80.00","4.10","5.80"
"Male","High School","No","No","Good","0-2","5-8","0-66","2-4","1","77.90","2.00","66.00","3.00","7.50"
"Male","High School","No","No","Poor","0-2","> 8","> 86","2-4","1","65.60","0.00","93.60","3.90","8.20"
"Male","None","No","No","Poor","> 4","> 8","76-86","0-2","1","51.50","6.00","81.70","0.70","9.30"
"Female","Bachelor","No","No","Fair","2-4","5-8","> 86","2-4","1","85.70","3.00","98.30","3.80","7.20"
"Female","None","Yes","No","Poor","2-4","5-8","> 86","0-2","1","34.00","3.00","88.40","0.30","7.10"
"Female","None","Yes","No","Fair","> 4","5-8","76-86","2-4","1","70.30","6.00","81.30","2.30","5.90"
"Male","High School","No","No","Good","2-4","5-8","76-86","2-4","1","62.80","3.00","78.40","3.90","6.40"
"Female","Master","No","Yes","Good","2-4","5-8","76-86","4-6","1","77.30","4.00","85.80","4.40","7.10"
"Other","None","No","No","Fair","0-2","5-8","76-86","2-4","1","53.40","0.00","80.90","2.70","6.60"
"Male","High School","No","No","Good","> 4","> 8","0-66","2-4","1","70.70","6.00","64.00","2.90","9.10"
"Female","High School","No","No","Good","0-2","0-5","76-86","2-4","2","45.05","0.50","79.45","3.15","4.35"
"Male","High School","No","No","Good","> 4","0-5","66-76","4-6","1","77.20","5.00","75.20","5.30","4.40"
"Male","High School","No","No","Good","> 4","0-5","76-86","2-4","1","63.40","6.00","85.40","2.50","5.00"
"Male","High School","No","No","Good","2-4","> 8","> 86","2-4","1","64.50","4.00","88.90","2.70","8.70"
"Male","Bachelor","No","No","Good","2-4","5-8","> 86","0-2","1","58.60","3.00","98.80","1.60","6.40"
"Female","Bachelor","Yes","No","Fair","0-2","5-8","76-86","2-4","2","54.50","1.50","80.90","3.05","6.35"
"Female","High School","No","No","Fair","> 4","0-5","76-86","0-2","1","49.40","6.00","85.20","1.20","4.30"
"Other","None","No","No","Poor","0-2","5-8","76-86","4-6","1","83.90","0.00","85.30","4.90","7.50"
"Male","High School","Yes","No","Fair","> 4","> 8","76-86","2-4","1","58.80","5.00","81.70","2.70","8.80"
"Male","None","Yes","Yes","Fair","0-2","5-8","76-86","4-6","1","65.10","0.00","81.60","5.10","5.90"
"Male","Bachelor","No","Yes","Poor","2-4","5-8","66-76","4-6","1","80.90","3.00","66.10","4.90","7.60"
"Male","High School","Yes","Yes","Good","2-4","5-8","66-76","0-2","1","32.80","4.00","68.10","1.40","8.00"
"Female","High School","No","No","Poor","0-2","5-8","76-86","2-4","2","61.15","1.00","81.15","2.35","5.80"
"Male","High School","No","No","Fair","> 4","5-8","> 86","4-6","2","97.45","6.00","94.85","5.15","6.15"
"Male","High School","No","No","Poor","0-2","0-5","76-86","4-6","2","73.55","2.00","84.10","4.80","4.55"
"Male","Bachelor","No","No","Good","> 4","0-5","> 86","2-4","1","67.60","6.00","100.00","2.20","3.30"
"Male","High School","No","No","Fair","> 4","0-5","76-86","2-4","1","54.70","5.00","77.20","2.30","5.00"
"Other","Bachelor","No","No","Poor","> 4","5-8","66-76","4-6","1","78.50","6.00","68.80","4.60","5.70"
"Male","High School","Yes","No","Good","2-4","5-8","> 86","4-6","1","73.20","3.00","87.00","4.60","5.90"
"Female","Bachelor","No","No","Good","0-2","5-8","76-86","0-2","1","18.40","1.00","79.90","0.60","5.20"
"Male","Bachelor","No","No","Fair","2-4","5-8","76-86","4-6","2","100.00","4.00","77.15","5.50","6.90"
"Male","Master","Yes","No","Poor","2-4","> 8","76-86","2-4","1","64.90","4.00","79.10","2.80","9.00"
"Male","Bachelor","Yes","Yes","Good","> 4","5-8","66-76","4-6","1","85.60","6.00","74.50","4.60","5.40"
"Male","Master","No","Yes","Poor","0-2","5-8","> 86","2-4","1","62.00","1.00","87.10","3.40","7.30"
"Male","Master","Yes","No","Good","0-2","5-8","76-86","4-6","1","69.10","0.00","77.30","5.70","6.40"
"Male","High School","No","No","Fair","0-2","5-8","> 86","2-4","3","55.50","1.00","91.37","2.43","6.00"
"Male","None","No","No","Fair","2-4","> 8","76-86","4-6","1","82.90","4.00","78.70","4.30","10.00"
"Other","High School","No","No","Good","2-4","5-8","> 86","2-4","1","66.90","4.00","88.00","3.10","5.60"
"Female","High School","No","No","Poor","2-4","5-8","0-66","2-4","1","62.90","3.00","65.40","3.50","7.90"
"Female","Master","No","No","Fair","0-2","0-5","> 86","2-4","1","69.60","2.00","100.00","3.60","4.60"
"Male","High School","No","Yes","Fair","> 4","5-8","> 86","> 6","1","100.00","5.00","86.60","8.30","6.50"
"Female","Bachelor","No","No","Fair","2-4","5-8","> 86","4-6","2","89.15","3.50","100.00","4.45","6.60"
"Female","High School","No","No","Good","> 4","0-5","66-76","2-4","1","59.60","6.00","71.00","3.20","5.00"
"Male","High School","No","Yes","Good","> 4","> 8","66-76","0-2","1","47.10","6.00","73.00","1.60","8.10"
"Female","Bachelor","No","Yes","Poor","> 4","5-8","> 86","2-4","1","62.70","5.00","94.30","2.20","6.10"
"Female","High School","No","No","Poor","0-2","0-5","> 86","2-4","1","53.30","0.00","95.90","3.10","4.70"
"Male","Bachelor","No","No","Fair","2-4","5-8","> 86","2-4","5","74.68","3.20","96.10","3.32","6.22"
"Male","Master","Yes","No","Good","0-2","5-8","66-76","4-6","1","83.70","2.00","75.00","4.50","8.00"
"Female","None","No","No","Fair","0-2","5-8","76-86","2-4","1","57.30","1.00","79.60","2.70","7.60"
"Male","High School","Yes","No","Good","2-4","5-8","66-76","4-6","1","78.40","4.00","74.00","4.40","7.80"
"Female","None","No","No","Poor","> 4","0-5","> 86","4-6","1","84.20","6.00","88.90","4.30","4.60"
"Male","High School","Yes","No","Fair","0-2","5-8","66-76","4-6","1","90.20","0.00","74.40","6.00","5.40"
"Other","Bachelor","Yes","No","Good","0-2","5-8","76-86","2-4","1","66.60","0.00","78.50","3.10","7.90"
"Female","Master","Yes","No","Fair","0-2","5-8","> 86","4-6","2","90.50","1.00","89.05","4.15","5.95"
"Female","High School","No","Yes","Good","2-4","5-8","> 86","0-2","1","53.00","4.00","87.00","0.00","7.10"
"Female","High School","Yes","No","Good","> 4","5-8","66-76","4-6","1","88.20","6.00","71.40","4.90","6.90"
"Male","Master","Yes","No","Good","0-2","5-8","> 86","4-6","1","80.90","2.00","87.90","4.40","5.50"
"Male","High School","Yes","No","Poor","2-4","5-8","76-86","4-6","1","100.00","3.00","80.00","4.20","7.90"
"Male","Master","Yes","Yes","Poor","2-4","5-8","76-86","0-2","1","66.50","3.00","81.40","2.00","7.30"
"Male","High School","Yes","No","Poor","2-4","5-8","> 86","2-4","2","63.40","3.50","97.65","3.20","5.60"
"Female","Bachelor","No","No","Poor","0-2","5-8","0-66","4-6","1","65.70","0.00","62.80","4.30","7.10"
"Female","High School","Yes","No","Fair","0-2","5-8","66-76","2-4","1","44.10","0.00","74.60","2.10","5.70"
"Female","High School","No","No","Fair","0-2","5-8","76-86","2-4","1","61.00","0.00","80.30","3.00","5.60"
"Male","High School","No","No","Fair","0-2","5-8","> 86","4-6","3","84.30","1.00","95.87","5.47","6.63"
"Female","High School","No","No","Fair","0-2","5-8","76-86","> 6","1","96.20","0.00","80.00","6.80","5.40"
"Male","Bachelor","Yes","No","Fair","0-2","> 8","> 86","2-4","1","75.10","1.00","93.90","3.60","8.40"
"Male","High School","Yes","No","Good","> 4","5-8","76-86","2-4","1","77.50","6.00","84.60","2.60","7.10"
"Male","None","No","No","Poor","2-4","0-5","76-86","0-2","1","30.50","3.00","85.60","0.00","3.80"
"Female","Master","Yes","No","Fair","0-2","5-8","66-76","2-4","1","44.50","0.00","74.50","2.60","7.10"
"Male","Master","No","No","Good","0-2","5-8","66-76","4-6","1","79.90","1.00","69.20","4.20","7.20"
"Male","High School","No","Yes","Good","2-4","5-8","> 86","0-2","1","41.70","3.00","97.00","1.70","6.60"
"Male","High School","No","No","Good","0-2","5-8","> 86","2-4","5","64.60","0.80","94.12","3.40","6.40"
"Male","Bachelor","No","No","Fair","0-2","0-5","66-76","4-6","1","67.30","0.00","74.60","4.10","3.60"
"Female","High School","No","No","Fair","0-2","5-8","66-76","2-4","2","57.90","0.50","72.35","3.25","6.50"
"Male","High School","No","Yes","Good","> 4","5-8","> 86","0-2","1","31.10","5.00","89.50","0.00","5.70"
"Male","High School","No","No","Good","0-2","> 8","76-86","2-4","1","67.80","2.00","77.30","3.80","8.10"
"Female","Bachelor","Yes","No","Poor","0-2","> 8","> 86","4-6","1","78.70","0.00","91.10","4.20","9.80"
"Female","High School","No","No","Good","> 4","5-8","76-86","0-2","1","45.70","5.00","79.40","1.70","6.50"
"Male","High School","No","Yes","Fair","2-4","5-8","76-86","2-4","1","57.30","4.00","82.30","2.80","6.30"
"Female","Bachelor","No","No","Good","> 4","5-8","66-76","0-2","1","41.70","6.00","75.90","1.90","6.00"
"Male","Bachelor","No","No","Fair","0-2","5-8","76-86","2-4","4","59.88","0.50","80.65","2.93","6.80"
"Other","High School","Yes","No","Fair","0-2","5-8","66-76","4-6","1","76.00","2.00","71.80","4.30","7.60"
"Female","High School","Yes","Yes","Fair","0-2","5-8","> 86","2-4","1","81.50","2.00","88.00","3.10","7.60"
"Male","High School","No","No","Fair","0-2","5-8","76-86","2-4","2","55.05","1.00","82.55","3.20","6.95"
"Male","Bachelor","Yes","No","Poor","> 4","5-8","76-86","2-4","1","74.10","6.00","85.20","3.10","7.40"
"Female","None","No","No","Poor","2-4","5-8","> 86","2-4","1","68.40","3.00","100.00","2.90","7.80"
"Male","High School","Yes","No","Poor","> 4","5-8","76-86","4-6","2","89.55","5.00","79.40","4.60","7.40"
"Female","High School","Yes","No","Poor","2-4","5-8","> 86","4-6","1","91.30","3.00","88.10","5.40","6.20"
"Female","High School","Yes","No","Fair","2-4","5-8","76-86","> 6","1","97.70","3.00","83.60","7.40","5.50"
"Male","High School","No","No","Fair","2-4","5-8","66-76","0-2","1","26.20","3.00","72.60","0.00","6.20"
"Female","High School","No","No","Fair","0-2","> 8","> 86","4-6","1","83.30","2.00","92.30","5.30","8.20"
"Male","Bachelor","Yes","No","Fair","2-4","0-5","66-76","2-4","1","72.50","4.00","67.50","3.30","4.10"
"Male","High School","Yes","Yes","Good","> 4","5-8","76-86","2-4","1","65.60","5.00","85.30","2.20","6.50"
"Male","Master","Yes","No","Good","2-4","0-5","66-76","2-4","1","59.40","4.00","73.70","2.80","3.90"
"Female","High School","Yes","No","Poor","2-4","5-8","> 86","2-4","1","60.00","4.00","93.30","2.40","6.60"
"Female","High School","Yes","No","Fair","2-4","0-5","66-76","0-2","1","29.50","3.00","66.90","2.00","4.10"
"Male","Master","No","Yes","Good","0-2","5-8","76-86","2-4","1","55.10","0.00","85.40","3.50","6.50"
"Female","Bachelor","No","No","Fair","2-4","> 8","> 86","0-2","1","52.60","3.00","90.60","1.40","8.40"
"Female","None","No","No","Poor","2-4","0-5","> 86","2-4","1","53.40","4.00","88.90","2.70","4.80"
"Male","None","Yes","No","Fair","> 4","5-8","> 86","> 6","1","100.00","6.00","93.40","6.30","6.20"
"Male","Bachelor","Yes","No","Good","2-4","5-8","> 86","4-6","1","80.90","3.00","100.00","5.30","5.20"
"Male","Bachelor","No","Yes","Poor","0-2","5-8","76-86","4-6","1","83.30","0.00","78.90","5.20","6.10"
"Female","Bachelor","No","No","Good","0-2","5-8","> 86","2-4","3","66.37","0.67","92.57","3.23","6.00"
"Male","None","No","No","Good","2-4","5-8","76-86","4-6","1","70.20","4.00","85.10","4.10","5.80"
"Female","Master","No","Yes","Good","2-4","5-8","> 86","0-2","1","50.30","4.00","96.90","1.20","5.80"
"Female","High School","No","No","Fair","> 4","0-5","76-86","4-6","1","63.40","5.00","80.60","4.80","4.70"
"Male","Bachelor","Yes","No","Fair","2-4","> 8","76-86","2-4","1","93.50","4.00","82.40","3.90","8.40"
"Male","Master","No","No","Fair","> 4","5-8","76-86","4-6","1","82.80","6.00","80.50","5.20","5.90"
"Female","Bachelor","Yes","No","Fair","0-2","> 8","76-86","0-2","1","52.60","1.00","79.40","1.00","8.70"
"Female","Bachelor","No","No","Poor","2-4","0-5","76-86","0-2","1","29.90","4.00","82.00","0.00","3.70"
"Female","High School","No","No","Poor","0-2","0-5","> 86","> 6","1","100.00","0.00","99.40","7.60","4.80"
"Male","Master","No","Yes","Fair","0-2","0-5","> 86","2-4","1","44.50","1.00","88.10","2.50","4.80"
"Female","Bachelor","No","No","Good","> 4","> 8","76-86","2-4","2","93.00","5.00","78.15","3.25","8.40"
"Male","High School","No","Yes","Good","0-2","5-8","76-86","4-6","1","100.00","2.00","81.30","5.50","7.00"
"Male","High School","Yes","Yes","Fair","0-2","5-8","76-86","2-4","1","59.80","1.00","83.70","3.70","5.50"
"Female","High School","No","Yes","Fair","0-2","> 8","> 86","2-4","1","88.00","2.00","91.50","3.80","8.60"
"Male","High School","No","No","Fair","2-4","5-8","> 86","4-6","4","90.13","3.50","93.25","4.68","6.28"
"Female","None","No","No","Fair","> 4","5-8","> 86","2-4","1","66.90","6.00","100.00","2.30","6.40"
"Male","Master","No","No","Good","0-2","5-8","76-86","2-4","2","77.70","1.50","80.50","3.90","6.60"
"Male","High School","No","No","Good","> 4","5-8","> 86","2-4","1","74.00","6.00","97.50","3.10","6.50"
"Female","High School","Yes","No","Poor","0-2","> 8","> 86","2-4","1","65.60","1.00","100.00","3.60","8.30"
"Male","None","No","No","Good","2-4","> 8","76-86","2-4","1","73.80","3.00","85.90","3.70","9.10"
"Other","Master","No","No","Fair","> 4","5-8","> 86","4-6","1","100.00","5.00","86.50","5.60","6.00"
"Male","Bachelor","Yes","Yes","Fair","> 4","5-8","> 86","0-2","1","50.30","6.00","97.30","1.10","8.00"
"Male","Bachelor","Yes","No","Good","2-4","5-8","> 86","2-4","1","86.10","4.00","90.80","3.40","7.50"
"Female","High School","No","No","Poor","> 4","5-8","0-66","2-4","1","67.10","6.00","61.20","3.30","7.30"
"Female","Bachelor","No","Yes","Good","0-2","5-8","76-86","4-6","2","67.65","1.50","81.45","4.15","5.80"
"Male","High School","Yes","No","Fair","> 4","0-5","> 86","2-4","1","71.40","6.00","99.40","3.30","4.40"
"Female","High School","No","Yes","Fair","0-2","0-5","66-76","0-2","1","53.80","1.00","75.00","2.00","4.90"
"Male","High School","No","No","Fair","> 4","5-8","> 86","2-4","2","72.90","6.00","93.15","2.65","6.20"
"Male","Bachelor","Yes","No","Fair","2-4","5-8","> 86","2-4","2","67.90","3.50","88.85","3.40","5.90"
"Female","High School","No","No","Good","0-2","5-8","66-76","0-2","1","41.70","0.00","75.30","1.60","5.60"
"Male","Master","No","No","Fair","0-2","5-8","76-86","4-6","2","71.15","1.00","82.45","4.50","5.85"
"Female","High School","No","No","Poor","> 4","5-8","76-86","2-4","1","76.80","5.00","85.00","3.80","6.30"
"Other","High School","Yes","No","Fair","0-2","5-8","76-86","4-6","1","80.20","0.00","81.50","4.60","7.30"
"Female","Bachelor","No","No","Fair","0-2","> 8","76-86","2-4","1","61.50","0.00","78.60","2.80","8.20"
"Male","High School","Yes","Yes","Good","> 4","> 8","76-86","4-6","1","82.80","5.00","78.40","4.30","8.10"
"Female","None","No","No","Poor","0-2","5-8","76-86","2-4","1","55.70","0.00","80.80","3.80","5.10"
"Male","Bachelor","No","No","Fair","2-4","0-5","76-86","2-4","1","74.30","4.00","82.80","3.40","4.70"
"Male","Master","No","No","Fair","0-2","5-8","> 86","0-2","1","50.70","1.00","90.70","2.00","6.90"
"Female","High School","No","Yes","Good","0-2","5-8","76-86","> 6","1","98.00","0.00","78.30","6.40","5.80"
"Female","Bachelor","No","Yes","Good","2-4","0-5","> 86","4-6","2","76.30","3.00","93.50","4.60","5.00"
"Female","Bachelor","No","No","Fair","2-4","5-8","0-66","4-6","1","82.70","4.00","62.50","5.60","6.60"
"Female","High School","No","No","Good","0-2","5-8","> 86","0-2","1","45.20","0.00","95.80","2.00","6.00"
"Male","Master","No","No","Fair","0-2","5-8","76-86","2-4","1","69.30","0.00","80.10","2.60","7.00"
"Female","Bachelor","No","No","Poor","2-4","5-8","76-86","0-2","1","49.90","4.00","76.20","1.00","5.80"
"Male","None","No","No","Fair","0-2","5-8","66-76","4-6","1","83.90","2.00","75.10","5.40","7.10"
"Female","None","No","No","Poor","> 4","5-8","> 86","2-4","2","73.85","5.00","89.80","3.10","7.65"
"Female","Master","No","No","Good","0-2","> 8","0-66","4-6","1","84.60","0.00","65.20","5.60","8.30"
"Female","None","No","No","Good","2-4","5-8","0-66","4-6","1","91.70","3.00","63.10","4.60","6.40"
"Male","High School","No","Yes","Fair","0-2","5-8","76-86","2-4","1","50.10","1.00","85.50","2.90","5.70"
"Female","Bachelor","No","No","Good","> 4","5-8","> 86","2-4","2","66.85","5.50","92.40","2.95","6.60"
"Male","Bachelor","Yes","No","Good","> 4","0-5","> 86","4-6","1","66.10","5.00","88.60","4.50","4.90"
"Other","High School","No","No","Fair","0-2","5-8","> 86","2-4","1","56.40","0.00","90.40","3.30","6.40"
"Other","High School","Yes","No","Poor","0-2","5-8","76-86","0-2","1","56.40","1.00","83.50","1.70","7.00"
"Female","High School","Yes","No","Good","0-2","5-8","76-86","0-2","1","42.30","0.00","78.50","1.50","8.00"
"Female","High School","No","Yes","Fair","> 4","5-8","> 86","2-4","1","60.20","6.00","86.60","2.60","6.30"
"Female","High School","No","Yes","Poor","0-2","0-5","> 86","2-4","1","67.00","1.00","89.30","3.30","4.80"
"Male","None","No","No","Fair","0-2","0-5","76-86","4-6","1","80.30","1.00","81.50","5.50","4.90"
"Male","High School","No","Yes","Poor","2-4","5-8","76-86","0-2","1","60.30","3.00","85.30","1.50","5.60"
"Male","None","Yes","No","Good","0-2","5-8","76-86","2-4","1","48.30","2.00","77.00","2.40","6.00"
"Male","Bachelor","No","No","Good","2-4","5-8","66-76","2-4","1","66.50","4.00","67.00","3.60","5.40"
"Male","Bachelor","No","Yes","Fair","2-4","5-8","> 86","2-4","1","98.70","4.00","99.50","3.00","7.80"
"Male","High School","No","Yes","Good","2-4","5-8","> 86","4-6","1","88.00","3.00","97.90","4.30","7.20"
"Male","Bachelor","No","No","Fair","0-2","5-8","66-76","2-4","3","70.03","1.67","70.57","3.67","7.50"
"Male","Master","Yes","No","Poor","0-2","5-8","0-66","4-6","1","82.10","0.00","66.00","4.80","7.60"
"Female","Bachelor","No","No","Fair","> 4","5-8","66-76","4-6","1","100.00","6.00","73.90","5.80","5.80"
"Male","Bachelor","No","No","Fair","0-2","> 8","66-76","2-4","1","67.60","2.00","70.00","3.60","8.60"
"Female","Bachelor","Yes","No","Poor","0-2","5-8","66-76","2-4","1","82.40","2.00","68.00","3.60","6.30"
"Male","Bachelor","No","No","Fair","0-2","> 8","66-76","4-6","1","96.60","1.00","74.70","5.80","9.30"
"Female","Bachelor","Yes","No","Fair","0-2","0-5","> 86","0-2","1","43.90","1.00","96.20","1.90","4.90"
"Male","Master","Yes","No","Fair","> 4","5-8","0-66","4-6","1","77.30","5.00","59.80","4.30","6.60"
"Female","None","No","No","Good","> 4","5-8","> 86","2-4","1","63.70","6.00","93.40","2.20","6.90"
"Female","Bachelor","Yes","Yes","Fair","> 4","5-8","76-86","2-4","1","74.00","5.00","84.80","3.50","7.50"
"Male","Master","No","Yes","Fair","> 4","5-8","> 86","4-6","1","97.20","5.00","87.60","4.90","6.00"
"Male","High School","No","No","Poor","> 4","5-8","76-86","0-2","1","53.40","5.00","78.70","0.10","7.60"
"Female","Bachelor","No","No","Poor","> 4","5-8","66-76","0-2","1","55.40","6.00","67.20","2.00","6.70"
"Female","High School","No","No","Poor","0-2","5-8","> 86","2-4","2","66.00","2.00","95.80","3.25","6.75"
"Male","Master","No","No","Fair","> 4","5-8","66-76","0-2","1","51.20","6.00","72.00","1.90","6.30"
"Female","High School","Yes","Yes","Poor","> 4","5-8","76-86","0-2","1","75.70","6.00","82.60","2.00","6.70"
"Male","Bachelor","No","No","Good","> 4","5-8","76-86","2-4","2","73.80","5.50","84.75","3.15","5.60"
"Female","High School","No","No","Good","0-2","> 8","76-86","2-4","2","52.70","0.50","83.95","3.15","8.25"
"Female","Bachelor","Yes","No","Good","> 4","5-8","76-86","> 6","1","98.30","6.00","82.90","6.10","6.10"
"Female","Bachelor","Yes","Yes","Fair","0-2","5-8","> 86","2-4","1","54.90","1.00","90.20","2.80","5.20"
"Other","Bachelor","No","No","Fair","2-4","5-8","66-76","2-4","1","68.20","4.00","72.50","2.70","6.50"
"Male","High School","No","Yes","Fair","0-2","> 8","76-86","2-4","1","68.90","0.00","76.90","2.30","8.70"
"Female","High School","No","Yes","Good","0-2","5-8","76-86","4-6","2","75.35","2.00","82.35","4.75","5.25"
"Female","High School","No","Yes","Fair","0-2","5-8","76-86","2-4","2","59.60","0.50","85.10","2.45","6.35"
"Female","High School","Yes","No","Good","2-4","5-8","> 86","> 6","1","100.00","3.00","91.60","7.40","7.10"
"Male","Bachelor","Yes","No","Poor","2-4","5-8","> 86","4-6","2","78.00","4.00","89.35","4.45","6.45"
"Male","High School","Yes","No","Good","> 4","> 8","66-76","4-6","1","84.20","6.00","75.70","4.40","8.80"
"Female","Bachelor","No","No","Fair","> 4","5-8","76-86","2-4","2","65.15","5.50","82.80","3.25","7.20"
"Female","Master","Yes","No","Fair","> 4","5-8","> 86","4-6","1","77.90","6.00","92.80","4.40","6.60"
"Female","Bachelor","Yes","No","Good","> 4","5-8","66-76","2-4","1","83.20","5.00","74.50","3.60","6.10"
"Female","High School","No","Yes","Good","> 4","5-8","> 86","4-6","1","97.90","5.00","86.30","5.20","6.20"
"Other","High School","Yes","No","Poor","2-4","> 8","66-76","2-4","1","56.40","4.00","67.60","2.90","8.70"
"Male","None","Yes","No","Good","> 4","5-8","> 86","4-6","1","93.20","5.00","100.00","4.30","7.50"
"Male","Bachelor","No","No","Fair","2-4","0-5","> 86","2-4","2","72.95","3.50","95.05","3.50","4.50"
"Male","Bachelor","No","Yes","Good","0-2","5-8","> 86","2-4","1","71.20","2.00","99.00","2.90","5.30"
"Female","High School","No","Yes","Fair","0-2","5-8","> 86","0-2","1","61.20","1.00","92.10","1.70","7.90"
"Female","Bachelor","No","Yes","Fair","0-2","5-8","> 86","4-6","1","83.30","1.00","94.40","4.70","6.70"
"Female","Bachelor","Yes","No","Fair","0-2","5-8","> 86","4-6","1","100.00","2.00","96.60","5.20","7.40"
"Female","High School","Yes","No","Fair","0-2","0-5","> 86","0-2","1","55.10","0.00","89.90","1.40","4.60"
"Female","Master","Yes","No","Good","2-4","5-8","> 86","4-6","1","63.60","3.00","94.60","4.40","5.50"
"Female","High School","Yes","No","Good","> 4","5-8","> 86","2-4","2","87.20","6.00","89.75","3.50","7.35"
"Male","Bachelor","Yes","No","Good","> 4","5-8","76-86","> 6","1","100.00","5.00","83.30","6.30","7.30"
"Female","High School","No","No","Fair","> 4","5-8","66-76","4-6","2","81.85","5.50","73.75","4.35","5.90"
"Female","Bachelor","No","No","Fair","2-4","5-8","76-86","0-2","1","55.20","3.00","82.40","0.00","5.60"
"Female","High School","No","No","Fair","> 4","5-8","0-66","2-4","1","56.10","6.00","59.90","3.20","6.00"
"Female","Bachelor","No","No","Good","2-4","> 8","> 86","2-4","1","85.60","4.00","93.30","3.10","8.40"
"Female","Master","Yes","No","Fair","2-4","5-8","76-86","4-6","1","83.80","3.00","85.80","5.70","5.60"
"Female","High School","No","No","Poor","> 4","5-8","> 86","> 6","1","96.50","5.00","100.00","6.10","5.80"
"Male","High School","No","Yes","Good","0-2","0-5","0-66","4-6","1","59.40","0.00","64.10","4.30","3.90"
"Male","High School","No","No","Good","0-2","0-5","66-76","2-4","1","45.10","1.00","70.50","2.50","4.80"
"Male","High School","No","No","Good","2-4","5-8","> 86","2-4","3","63.77","3.33","92.83","2.57","6.37"
"Female","Master","No","Yes","Fair","2-4","5-8","76-86","2-4","1","66.80","3.00","79.40","2.30","6.60"
"Male","High School","No","No","Good","0-2","5-8","> 86","0-2","2","49.45","0.00","94.95","1.75","6.35"
"Male","High School","No","Yes","Fair","2-4","0-5","76-86","0-2","1","47.60","3.00","76.40","1.00","4.90"
"Male","High School","Yes","Yes","Good","2-4","5-8","> 86","2-4","3","67.50","3.33","92.40","3.47","6.33"
"Female","Master","No","No","Fair","> 4","5-8","76-86","2-4","2","74.75","5.50","81.05","3.25","7.15"
"Female","Bachelor","No","No","Poor","0-2","5-8","76-86","2-4","2","66.55","1.00","84.15","2.85","6.55"
"Other","Bachelor","Yes","Yes","Poor","> 4","5-8","> 86","2-4","1","57.40","5.00","97.40","2.70","5.50"
"Other","High School","No","No","Fair","> 4","5-8","> 86","2-4","1","63.00","5.00","100.00","2.90","5.90"
"Female","Master","No","No","Fair","2-4","> 8","76-86","2-4","1","49.40","3.00","84.50","2.50","8.60"
"Male","Master","Yes","No","Fair","2-4","5-8","76-86","2-4","1","70.70","4.00","85.30","4.00","6.50"
"Male","Master","No","No","Good","0-2","5-8","> 86","2-4","1","63.60","1.00","91.70","3.20","6.50"
"Female","Master","Yes","No","Good","0-2","> 8","> 86","0-2","1","50.30","1.00","95.90","0.70","8.30"
"Female","Bachelor","No","Yes","Fair","2-4","0-5","76-86","2-4","1","71.00","3.00","82.40","2.80","4.20"
"Female","Bachelor","No","No","Fair","> 4","> 8","> 86","2-4","1","84.20","5.00","97.50","3.80","8.20"
"Male","High School","No","No","Fair","2-4","0-5","76-86","4-6","1","77.80","4.00","82.50","4.10","4.90"
"Male","Bachelor","Yes","No","Fair","0-2","5-8","76-86","2-4","1","45.50","1.00","85.60","2.60","5.70"
"Male","High School","No","No","Good","> 4","0-5","76-86","0-2","1","53.40","6.00","76.10","1.30","5.00"
"Male","Master","Yes","No","Fair","0-2","5-8","0-66","2-4","1","51.50","1.00","59.70","3.00","7.10"
"Female","High School","No","No","Fair","0-2","0-5","66-76","4-6","2","86.05","1.00","69.55","5.55","3.85"
"Male","High School","Yes","No","Poor","2-4","5-8","> 86","0-2","1","55.20","3.00","92.90","1.00","5.60"
"Male","Bachelor","No","No","Good","2-4","0-5","76-86","2-4","1","63.10","3.00","78.80","2.10","4.80"
"Female","High School","No","No","Good","0-2","5-8","0-66","2-4","1","73.70","2.00","65.00","3.90","5.10"
"Male","Bachelor","No","No","Poor","> 4","5-8","76-86","4-6","1","75.40","6.00","78.90","5.00","6.80"
"Male","Bachelor","No","Yes","Poor","2-4","0-5","76-86","0-2","1","51.00","3.00","83.00","1.40","4.40"
"Female","None","Yes","Yes","Good","0-2","5-8","76-86","0-2","1","50.40","2.00","82.90","1.90","7.60"
"Male","Master","Yes","No","Good","> 4","5-8","76-86","4-6","1","66.00","5.00","82.70","4.60","7.70"
"Female","High School","Yes","Yes","Good","2-4","5-8","66-76","> 6","1","100.00","3.00","69.80","6.10","5.70"
"Male","Bachelor","No","No","Good","0-2","0-5","> 86","2-4","1","69.90","1.00","87.20","3.50","4.50"
"Female","Bachelor","No","No","Good","> 4","> 8","> 86","4-6","1","83.50","5.00","91.30","4.70","9.10"
"Female","None","No","No","Poor","0-2","5-8","> 86","2-4","1","70.70","2.00","99.50","4.00","5.80"
"Male","Bachelor","No","No","Poor","2-4","5-8","76-86","0-2","1","34.30","4.00","81.70","1.20","6.50"
"Male","High School","No","No","Fair","> 4","> 8","> 86","4-6","1","100.00","6.00","87.70","5.20","8.70"
"Male","High School","No","No","Good","0-2","5-8","> 86","4-6","3","80.53","1.67","89.87","5.27","6.17"
"Female","Bachelor","Yes","No","Good","0-2","0-5","76-86","2-4","1","40.30","1.00","85.20","3.20","4.60"
"Male","None","Yes","No","Good","2-4","5-8","> 86","2-4","2","82.20","3.50","97.60","3.60","6.30"
"Female","High School","No","No","Good","0-2","5-8","76-86","4-6","2","75.35","1.00","80.60","4.55","7.00"
"Female","High School","No","No","Fair","2-4","5-8","> 86","2-4","1","54.10","3.00","95.40","3.00","6.40"
"Female","Bachelor","No","No","Fair","0-2","5-8","76-86","2-4","5","64.94","1.20","82.78","2.84","6.78"
"Male","Bachelor","Yes","No","Good","2-4","0-5","66-76","4-6","1","93.10","3.00","71.20","4.70","4.90"
"Male","Bachelor","No","No","Fair","> 4","5-8","> 86","4-6","2","93.70","5.50","93.55","4.50","7.95"
"Male","Bachelor","Yes","No","Poor","> 4","5-8","76-86","4-6","1","100.00","5.00","85.10","6.00","6.70"
"Female","Bachelor","No","No","Fair","> 4","> 8","76-86","2-4","1","66.70","6.00","84.10","2.60","8.10"
"Female","Bachelor","Yes","No","Good","0-2","5-8","76-86","0-2","1","39.90","0.00","84.60","1.70","6.00"
"Female","Master","No","No","Good","> 4","0-5","76-86","0-2","1","53.20","6.00","76.50","2.00","4.80"
"Male","Bachelor","No","No","Poor","> 4","5-8","> 86","2-4","2","76.15","6.00","93.70","3.15","6.40"
"Male","High School","No","No","Fair","2-4","5-8","> 86","2-4","1","68.50","3.00","91.30","3.20","6.70"
"Female","Bachelor","No","No","Fair","> 4","> 8","> 86","4-6","1","100.00","5.00","92.50","6.00","8.10"
"Male","Master","No","Yes","Poor","0-2","5-8","66-76","2-4","1","59.30","2.00","67.50","2.70","5.70"
"Male","High School","Yes","Yes","Fair","> 4","5-8","76-86","4-6","2","83.70","5.00","81.95","4.65","6.70"
"Female","Bachelor","Yes","No","Fair","2-4","5-8","66-76","2-4","2","77.10","3.00","74.70","3.55","6.35"
"Male","Bachelor","No","No","Good","0-2","5-8","76-86","4-6","2","78.75","1.50","78.75","4.30","6.55"
"Male","Bachelor","Yes","No","Poor","0-2","5-8","66-76","2-4","1","72.90","0.00","75.20","3.30","6.50"
"Male","High School","No","No","Fair","> 4","5-8","76-86","2-4","1","64.10","6.00","76.80","2.20","6.00"
"Male","High School","Yes","No","Fair","0-2","5-8","> 86","2-4","2","66.25","1.50","100.00","3.25","6.65"
"Female","High School","No","No","Fair","> 4","5-8","76-86","2-4","1","68.40","6.00","77.40","4.00","6.40"
"Male","Bachelor","No","Yes","Fair","0-2","5-8","> 86","4-6","2","66.05","1.00","93.50","4.90","7.70"
"Female","High School","No","No","Fair","2-4","> 8","> 86","2-4","1","75.60","4.00","89.60","2.50","8.60"
"Male","High School","No","Yes","Good","0-2","> 8","> 86","2-4","1","81.10","2.00","89.60","3.30","8.30"
"Male","High School","No","Yes","Good","2-4","5-8","0-66","0-2","1","58.20","3.00","63.00","1.60","8.00"
"Male","Bachelor","No","No","Fair","> 4","5-8","> 86","2-4","1","87.90","6.00","92.10","3.70","6.60"
"Female","Master","No","No","Fair","0-2","5-8","66-76","2-4","2","66.90","2.00","72.90","3.35","7.10"
"Male","Master","No","Yes","Poor","0-2","5-8","76-86","2-4","1","44.10","1.00","82.80","2.10","6.30"
"Other","None","No","No","Poor","> 4","5-8","76-86","2-4","1","70.40","6.00","83.30","3.30","7.80"
"Other","None","No","Yes","Poor","> 4","5-8","76-86","2-4","1","65.20","5.00","83.70","2.90","6.30"
"Male","High School","No","No","Fair","> 4","0-5","76-86","4-6","1","88.60","6.00","77.60","5.00","4.60"
"Male","None","Yes","No","Fair","2-4","0-5","> 86","2-4","1","76.30","4.00","86.10","3.20","4.40"
"Female","High School","No","Yes","Poor","2-4","> 8","> 86","2-4","1","86.90","3.00","92.20","2.70","10.00"
"Female","Master","No","Yes","Good","> 4","0-5","76-86","2-4","1","68.70","5.00","86.00","3.90","4.60"
"Female","High School","No","No","Good","0-2","5-8","> 86","2-4","4","68.13","0.75","91.30","3.28","7.08"
"Female","Bachelor","Yes","No","Poor","2-4","5-8","76-86","2-4","2","59.90","3.00","81.95","2.65","6.80"
"Male","None","No","Yes","Good","2-4","5-8","0-66","2-4","1","74.50","3.00","62.80","3.50","6.70"
"Female","None","Yes","Yes","Poor","0-2","5-8","76-86","2-4","1","60.60","0.00","85.10","2.50","6.50"
"Female","Master","Yes","No","Good","> 4","0-5","76-86","2-4","1","39.90","5.00","77.40","2.10","4.30"
"Female","None","No","Yes","Good","2-4","5-8","> 86","2-4","1","72.60","4.00","87.20","3.20","7.20"
"Male","High School","No","No","Fair","> 4","5-8","0-66","> 6","1","98.80","6.00","64.10","6.40","5.10"
"Male","Bachelor","Yes","Yes","Good","2-4","5-8","76-86","4-6","1","93.40","3.00","83.20","5.30","5.80"
"Male","High School","Yes","No","Poor","> 4","5-8","> 86","> 6","1","100.00","5.00","100.00","6.50","7.40"
"Female","High School","Yes","No","Fair","> 4","5-8","76-86","4-6","1","87.10","5.00","80.60","5.90","6.20"
"Male","Master","No","No","Good","2-4","5-8","> 86","2-4","2","57.00","4.00","90.50","2.80","6.85"
"Female","Master","Yes","No","Poor","2-4","> 8","66-76","0-2","1","26.80","4.00","71.00","1.00","9.20"
"Female","None","Yes","No","Good","2-4","5-8","76-86","2-4","1","59.70","4.00","83.50","2.50","7.00"
"Male","High School","No","No","Good","2-4","5-8","66-76","0-2","1","54.00","3.00","72.80","1.80","5.30"
"Female","Bachelor","No","No","Poor","2-4","5-8","76-86","2-4","1","56.10","3.00","82.90","2.50","6.00"
"Female","Bachelor","No","Yes","Good","> 4","5-8","> 86","2-4","1","72.90","6.00","87.40","2.60","5.20"
"Female","High School","Yes","No","Fair","2-4","> 8","> 86","0-2","1","46.50","3.00","91.90","1.40","8.30"
"Male","Master","No","Yes","Fair","2-4","0-5","> 86","2-4","1","45.50","3.00","86.80","2.90","4.70"
"Female","Bachelor","Yes","Yes","Good","0-2","5-8","76-86","4-6","1","67.70","2.00","80.90","5.00","6.00"
"Female","Master","Yes","No","Poor","> 4","5-8","76-86","2-4","1","46.40","5.00","78.40","2.20","7.50"
"Female","Master","No","No","Fair","2-4","0-5","> 86","4-6","1","66.40","3.00","90.90","5.00","4.90"
"Male","High School","Yes","No","Good","> 4","> 8","76-86","2-4","1","82.30","6.00","83.30","3.30","9.10"
"Female","High School","No","No","Good","> 4","5-8","0-66","2-4","1","64.50","5.00","56.00","3.50","6.10"
"Male","High School","No","No","Fair","0-2","0-5","> 86","4-6","1","70.90","1.00","95.30","4.30","4.80"
"Female","High School","Yes","Yes","Good","0-2","0-5","> 86","4-6","1","59.00","2.00","88.40","4.30","4.40"
"Male","Bachelor","No","Yes","Fair","2-4","0-5","76-86","4-6","1","88.70","3.00","84.10","5.50","5.00"
"Female","High School","No","No","Fair","0-2","5-8","0-66","2-4","1","55.40","1.00","63.80","3.30","5.50"
"Female","Master","Yes","No","Fair","> 4","> 8","> 86","> 6","1","100.00","5.00","86.50","6.60","9.30"
"Male","High School","Yes","No","Good","0-2","5-8","> 86","4-6","1","70.80","1.00","93.20","4.80","6.60"
"Female","High School","No","No","Poor","2-4","5-8","76-86","2-4","1","50.20","3.00","76.80","2.20","6.10"
"Female","Bachelor","No","No","Good","2-4","5-8","> 86","2-4","1","68.50","4.00","93.60","2.50","7.00"
"Female","Bachelor","Yes","No","Good","> 4","5-8","> 86","4-6","1","100.00","5.00","95.40","4.80","7.50"
"Male","Master","Yes","No","Fair","0-2","5-8","66-76","2-4","2","51.10","0.50","70.00","2.65","5.85"
"Female","Master","No","No","Fair","> 4","5-8","> 86","2-4","2","74.40","5.50","91.95","3.45","6.20"
"Female","Bachelor","Yes","No","Poor","0-2","5-8","> 86","2-4","2","63.70","1.00","97.75","3.00","6.55"
"Female","High School","No","No","Good","0-2","0-5","76-86","0-2","1","47.50","1.00","81.10","1.80","4.90"
"Male","High School","Yes","Yes","Fair","2-4","5-8","76-86","2-4","1","61.50","4.00","83.20","3.10","5.90"
"Male","Bachelor","Yes","No","Poor","0-2","5-8","> 86","2-4","2","72.65","1.00","93.85","3.55","7.05"
"Female","Bachelor","No","No","Poor","> 4","5-8","> 86","4-6","2","93.95","5.50","94.60","4.90","6.55"
"Male","High School","Yes","No","Poor","> 4","> 8","> 86","2-4","1","71.00","5.00","87.90","2.40","8.90"
"Other","High School","Yes","Yes","Poor","2-4","5-8","> 86","4-6","1","87.50","3.00","89.00","4.20","6.80"
"Male","Bachelor","No","No","Fair","2-4","5-8","66-76","2-4","2","64.90","3.50","70.20","2.85","7.25"
"Female","High School","No","Yes","Fair","0-2","5-8","> 86","> 6","1","85.00","0.00","88.80","6.40","6.10"
"Male","None","Yes","Yes","Fair","2-4","5-8","> 86","2-4","1","68.30","4.00","88.80","3.40","5.30"
"Male","High School","No","No","Fair","0-2","0-5","> 86","0-2","1","28.00","1.00","97.70","1.20","4.90"
"Female","Bachelor","Yes","No","Good","0-2","5-8","66-76","2-4","2","63.05","1.00","72.70","3.00","6.25"
"Female","Bachelor","No","No","Good","2-4","0-5","> 86","0-2","1","37.40","4.00","95.40","1.80","5.00"
"Male","High School","No","No","Poor","> 4","5-8","> 86","4-6","2","82.30","5.50","95.00","4.55","6.80"
"Female","Bachelor","No","No","Fair","0-2","5-8","76-86","4-6","2","82.05","1.00","81.85","4.50","6.75"
"Male","Bachelor","Yes","No","Fair","0-2","5-8","> 86","4-6","1","74.20","1.00","90.50","5.30","6.90"
"Female","Bachelor","No","No","Poor","> 4","5-8","> 86","> 6","1","98.50","6.00","97.60","6.10","5.90"
"Male","High School","Yes","No","Good","2-4","0-5","66-76","4-6","1","96.40","4.00","74.90","4.70","4.90"
"Male","High School","No","No","Poor","2-4","> 8","76-86","4-6","1","84.80","3.00","83.60","4.60","9.70"
"Female","High School","No","No","Fair","2-4","5-8","> 86","4-6","1","91.90","3.00","100.00","4.50","5.50"
"Female","High School","No","No","Fair","0-2","5-8","> 86","4-6","4","80.70","1.00","95.25","4.98","6.33"
"Male","High School","No","Yes","Poor","2-4","0-5","> 86","0-2","1","43.90","4.00","97.90","0.50","4.10"
"Female","Master","No","No","Fair","2-4","0-5","66-76","2-4","1","41.90","4.00","73.70","2.60","4.60"
"Female","Bachelor","No","No","Poor","> 4","5-8","76-86","4-6","1","81.60","5.00","85.30","4.10","5.50"
"Female","Bachelor","No","No","Good","2-4","5-8","> 86","4-6","2","89.45","3.50","98.45","5.15","6.25"
"Male","High School","No","Yes","Good","0-2","5-8","> 86","4-6","1","90.40","0.00","90.20","4.30","6.30"
"Female","High School","No","No","Fair","0-2","5-8","76-86","4-6","1","74.00","1.00","81.60","5.20","6.20"
"Female","High School","No","No","Good","> 4","5-8","> 86","2-4","1","63.80","6.00","92.40","2.40","7.80"
"Female","Bachelor","No","No","Fair","0-2","5-8","> 86","4-6","2","71.60","2.00","90.95","4.70","6.05"
"Male","High School","No","No","Fair","2-4","0-5","76-86","2-4","1","64.40","4.00","83.10","3.80","5.00"
"Female","Bachelor","Yes","Yes","Poor","2-4","5-8","76-86","2-4","1","68.80","3.00","78.00","4.00","5.50"
"Male","Bachelor","Yes","Yes","Good","0-2","5-8","76-86","0-2","1","45.40","1.00","82.60","1.50","7.00"
"Other","Master","No","No","Fair","0-2","5-8","76-86","4-6","1","70.70","0.00","80.10","4.20","5.50"
"Female","Master","Yes","No","Good","0-2","5-8","0-66","2-4","1","74.30","0.00","64.30","3.90","7.50"
"Male","Master","No","No","Fair","0-2","5-8","> 86","2-4","1","65.20","0.00","93.90","3.60","5.10"
"Female","High School","No","Yes","Poor","0-2","5-8","0-66","2-4","1","65.60","1.00","62.30","3.60","5.70"
"Female","High School","Yes","No","Poor","2-4","5-8","66-76","2-4","1","52.60","3.00","75.50","3.30","6.10"
"Male","Master","Yes","Yes","Poor","> 4","5-8","> 86","0-2","1","45.00","5.00","86.40","0.50","5.80"
"Female","Bachelor","No","No","Poor","0-2","5-8","> 86","> 6","1","100.00","1.00","89.20","6.10","7.00"
"Female","Master","Yes","No","Fair","2-4","5-8","66-76","2-4","1","80.80","3.00","73.70","3.70","7.00"
"Male","Master","No","No","Poor","0-2","5-8","66-76","2-4","1","64.40","2.00","74.00","3.90","6.50"
"Female","Bachelor","Yes","No","Fair","2-4","5-8","76-86","4-6","1","85.90","3.00","83.20","4.20","5.10"
"Male","High School","No","No","Fair","> 4","5-8","76-86","0-2","1","58.10","5.00","78.90","1.80","7.20"
"Male","High School","No","No","Fair","> 4","5-8","76-86","> 6","1","95.60","6.00","85.40","6.30","6.10"
"Male","High School","Yes","No","Fair","0-2","> 8","66-76","4-6","1","69.90","1.00","74.70","4.90","9.00"
"Female","High School","No","No","Fair","> 4","5-8","> 86","4-6","1","88.70","5.00","88.70","4.90","7.00"
"Male","Master","Yes","No","Fair","> 4","5-8","> 86","0-2","1","61.50","6.00","94.70","1.70","5.80"
"Female","High School","Yes","No","Good","0-2","5-8","66-76","2-4","1","73.50","1.00","74.30","3.50","6.10"
"Female","High School","No","No","Good","2-4","5-8","76-86","4-6","3","83.30","3.67","82.17","5.03","6.03"
"Female","Master","Yes","No","Fair","> 4","5-8","76-86","0-2","1","56.20","6.00","85.00","0.00","8.00"
"Female","Bachelor","No","Yes","Fair","2-4","> 8","66-76","0-2","1","43.40","3.00","70.10","0.00","8.70"
"Male","Bachelor","No","No","Fair","0-2","5-8","> 86","2-4","2","72.05","1.00","99.15","2.80","6.75"
"Female","Master","No","No","Poor","0-2","5-8","0-66","4-6","1","83.60","2.00","56.70","5.00","5.50"
"Female","Bachelor","No","No","Good","0-2","5-8","76-86","2-4","1","52.50","0.00","77.50","2.10","6.10"
"Female","Bachelor","Yes","No","Fair","2-4","5-8","> 86","2-4","1","55.00","3.00","91.70","2.10","5.60"
"Male","High School","No","No","Fair","2-4","5-8","76-86","0-2","2","54.55","3.50","80.95","1.70","5.85"
"Male","High School","Yes","No","Poor","> 4","5-8","> 86","2-4","1","63.90","5.00","86.70","2.70","7.00"
"Male","Master","No","No","Good","0-2","> 8","76-86","0-2","1","45.10","1.00","84.90","0.80","8.30"
"Male","High School","Yes","No","Poor","2-4","5-8","76-86","2-4","1","70.50","4.00","84.50","3.50","7.50"
"Female","Master","No","Yes","Good","2-4","0-5","> 86","2-4","1","74.80","3.00","96.20","3.20","4.30"
"Male","High School","No","Yes","Good","2-4","5-8","66-76","2-4","2","53.20","3.00","69.10","2.65","6.10"
"Female","Bachelor","Yes","No","Fair","2-4","5-8","> 86","4-6","2","74.70","4.00","88.25","5.05","5.80"
"Male","High School","Yes","No","Poor","> 4","5-8","> 86","0-2","1","50.50","6.00","89.00","2.00","7.70"
"Female","None","No","No","Poor","2-4","0-5","76-86","4-6","1","65.70","3.00","76.90","4.30","5.00"
"Female","Bachelor","No","No","Poor","> 4","> 8","> 86","4-6","1","94.50","6.00","100.00","5.40","8.50"
"Female","High School","Yes","Yes","Fair","2-4","5-8","> 86","4-6","1","83.50","3.00","92.50","5.00","6.10"
"Male","Bachelor","Yes","No","Good","0-2","5-8","> 86","2-4","1","75.20","1.00","90.70","3.90","7.10"
"Male","Bachelor","No","Yes","Good","0-2","5-8","76-86","0-2","1","36.00","2.00","76.50","0.80","7.50"
"Male","Master","No","No","Good","> 4","0-5","> 86","2-4","1","70.10","6.00","93.20","3.30","4.50"
"Male","Bachelor","No","No","Fair","0-2","0-5","76-86","2-4","1","41.60","1.00","76.90","2.50","4.10"
"Female","Bachelor","No","Yes","Fair","> 4","5-8","76-86","4-6","1","83.00","5.00","81.10","4.60","6.80"
"Female","None","Yes","Yes","Poor","2-4","5-8","> 86","4-6","1","79.00","3.00","86.80","4.50","6.50"
"Male","High School","Yes","No","Poor","0-2","5-8","> 86","> 6","1","94.80","2.00","93.60","6.30","7.70"
"Female","Master","No","No","Good","2-4","5-8","76-86","2-4","2","65.00","3.50","81.25","3.45","6.30"
"Female","Bachelor","Yes","No","Fair","0-2","5-8","76-86","0-2","3","45.33","0.67","84.23","1.57","6.73"
"Female","High School","No","No","Fair","0-2","0-5","76-86","4-6","1","84.90","1.00","82.70","4.30","4.90"
"Female","Master","Yes","Yes","Fair","0-2","5-8","66-76","4-6","1","99.40","1.00","75.20","5.10","6.70"
"Male","Master","No","No","Good","2-4","0-5","76-86","4-6","1","81.30","4.00","86.00","4.60","4.80"
"Male","Master","No","No","Fair","> 4","5-8","76-86","0-2","1","58.50","6.00","78.40","2.00","7.60"
"Male","Bachelor","No","No","Poor","2-4","5-8","> 86","2-4","1","56.70","4.00","100.00","3.00","5.50"
"Female","High School","No","No","Good","2-4","5-8","66-76","2-4","1","78.50","4.00","73.00","3.60","5.30"
"Female","Bachelor","No","Yes","Fair","0-2","0-5","76-86","4-6","1","72.60","0.00","77.70","4.30","4.60"
"Male","Bachelor","No","No","Good","> 4","5-8","> 86","4-6","2","88.55","5.50","92.90","4.55","5.40"
"Female","Master","No","No","Poor","0-2","5-8","66-76","2-4","1","43.50","1.00","72.70","2.90","5.60"
"Female","Bachelor","No","No","Fair","> 4","5-8","> 86","4-6","1","72.70","5.00","87.70","4.60","6.70"
"Male","Bachelor","No","Yes","Poor","> 4","5-8","66-76","2-4","1","71.90","5.00","71.20","3.30","6.50"
"Male","High School","No","Yes","Fair","2-4","5-8","> 86","2-4","1","75.80","3.00","94.10","2.80","7.20"
"Female","Bachelor","Yes","No","Fair","0-2","5-8","66-76","4-6","1","70.50","2.00","70.00","5.20","6.90"
"Male","None","Yes","No","Good","> 4","5-8","76-86","4-6","1","89.70","5.00","85.40","5.60","5.40"
"Female","High School","No","No","Fair","2-4","5-8","76-86","4-6","1","64.00","4.00","85.10","4.50","6.50"
"Female","High School","Yes","No","Good","2-4","> 8","> 86","0-2","1","54.60","3.00","96.70","1.10","8.40"
"Other","Bachelor","No","No","Good","2-4","5-8","76-86","2-4","1","52.10","3.00","82.10","2.60","6.90"
"Male","Bachelor","Yes","Yes","Fair","> 4","5-8","76-86","2-4","1","77.40","6.00","85.10","2.30","7.50"
"Female","None","No","No","Fair","> 4","0-5","76-86","4-6","1","72.40","6.00","84.00","4.10","4.00"
"Other","High School","Yes","Yes","Fair","0-2","5-8","> 86","2-4","1","81.10","2.00","100.00","4.00","6.50"
"Female","High School","Yes","No","Good","2-4","5-8","0-66","2-4","1","58.40","3.00","65.40","3.10","5.60"
"Female","Bachelor","No","Yes","Good","0-2","5-8","> 86","4-6","1","82.10","0.00","92.30","4.90","6.20"
"Male","Bachelor","No","Yes","Good","2-4","5-8","76-86","2-4","1","64.20","4.00","84.80","3.50","6.10"
"Male","High School","No","No","Poor","2-4","5-8","66-76","4-6","1","87.80","4.00","75.20","4.60","6.90"
"Female","High School","No","No","Good","> 4","5-8","> 86","> 6","1","100.00","6.00","100.00","7.20","7.80"
"Female","Master","Yes","No","Good","> 4","5-8","76-86","2-4","1","68.40","6.00","85.90","2.10","7.30"
"Male","Master","No","No","Poor","2-4","5-8","66-76","2-4","1","62.60","3.00","67.70","2.80","7.00"
"Female","Bachelor","No","No","Fair","0-2","0-5","76-86","4-6","1","77.90","1.00","79.00","5.40","4.20"
"Female","Master","Yes","Yes","Good","0-2","5-8","> 86","2-4","1","66.30","1.00","96.30","3.20","6.90"
"Female","Bachelor","Yes","No","Good","2-4","0-5","76-86","4-6","1","96.60","4.00","85.20","5.80","4.70"
"Male","Master","No","No","Fair","0-2","5-8","> 86","4-6","1","96.60","0.00","96.00","5.10","7.00"
"Male","Bachelor","No","No","Good","> 4","5-8","76-86","0-2","1","63.60","6.00","78.40","1.70","7.80"
"Female","Bachelor","No","Yes","Fair","2-4","> 8","> 86","0-2","1","53.30","3.00","92.70","1.80","8.70"
"Male","High School","No","Yes","Fair","0-2","5-8","66-76","0-2","1","57.70","0.00","71.10","1.90","6.30"
"Female","Master","No","No","Good","0-2","0-5","76-86","4-6","1","60.10","2.00","82.40","4.10","3.50"
"Female","High School","No","Yes","Fair","2-4","> 8","66-76","2-4","1","66.30","4.00","73.80","3.00","8.30"
"Male","High School","Yes","No","Good","0-2","5-8","> 86","2-4","1","71.00","2.00","90.40","2.80","6.40"
"Male","Master","No","No","Fair","0-2","5-8","0-66","0-2","1","31.50","0.00","62.90","0.80","5.50"
"Male","Bachelor","Yes","No","Good","> 4","5-8","0-66","2-4","1","64.40","5.00","61.90","3.00","6.50"
"Other","High School","No","No","Good","> 4","5-8","> 86","2-4","1","57.60","5.00","100.00","3.20","6.70"
"Female","High School","Yes","No","Fair","0-2","5-8","76-86","2-4","1","76.10","2.00","77.00","2.60","7.50"
"Female","Master","No","No","Poor","0-2","5-8","0-66","2-4","1","63.40","1.00","63.20","3.40","7.40"
"Female","High School","No","No","Good","0-2","> 8","76-86","0-2","1","36.80","1.00","83.90","1.60","8.20"
"Female","Bachelor","No","No","Poor","0-2","> 8","76-86","2-4","1","49.10","0.00","79.80","2.60","9.00"
"Female","None","No","No","Good","0-2","0-5","> 86","4-6","1","71.40","1.00","89.00","5.90","4.90"
"Female","Master","No","Yes","Good","0-2","5-8","0-66","2-4","1","75.70","0.00","57.60","3.70","6.20"
"Female","Bachelor","No","No","Fair","0-2","5-8","> 86","0-2","2","35.20","0.00","91.25","0.75","6.85"
"Male","None","No","No","Fair","0-2","5-8","76-86","2-4","2","76.05","1.00","78.70","3.55","6.85"
"Female","Bachelor","No","Yes","Fair","> 4","5-8","76-86","0-2","1","40.40","5.00","80.60","1.30","6.70"
"Male","Master","No","Yes","Fair","2-4","5-8","> 86","2-4","1","74.60","4.00","86.40","2.80","6.30"
"Male","Bachelor","No","No","Fair","2-4","5-8","> 86","> 6","1","93.80","4.00","100.00","6.70","8.00"
"Female","High School","No","No","Good","> 4","5-8","76-86","2-4","1","65.60","5.00","79.30","2.80","6.50"
"Female","Bachelor","No","Yes","Fair","> 4","5-8","76-86","> 6","1","100.00","6.00","85.90","7.50","7.80"
"Male","Bachelor","No","No","Good","> 4","> 8","76-86","2-4","1","79.20","5.00","83.10","3.60","9.50"
"Female","Bachelor","No","No","Poor","> 4","5-8","66-76","2-4","1","73.90","5.00","67.30","3.00","5.90"
"Male","High School","Yes","No","Good","0-2","5-8","66-76","4-6","1","80.40","1.00","70.20","4.10","6.90"
"Male","None","Yes","No","Good","> 4","5-8","> 86","> 6","1","94.80","5.00","88.40","7.00","6.10"
"Male","Bachelor","No","No","Fair","> 4","5-8","66-76","2-4","2","77.80","5.50","74.45","3.95","7.25"
"Female","High School","No","No","Fair","0-2","5-8","> 86","0-2","3","48.07","1.67","95.30","0.87","6.83"
"Male","Master","No","Yes","Poor","> 4","5-8","> 86","2-4","1","71.60","5.00","89.80","2.20","6.50"
"Female","None","No","No","Good","0-2","5-8","76-86","> 6","1","100.00","1.00","84.30","6.60","8.00"
"Male","Master","No","No","Poor","0-2","5-8","76-86","2-4","2","55.65","1.00","79.10","3.15","5.95"
"Female","Bachelor","No","Yes","Fair","0-2","0-5","76-86","2-4","1","76.90","1.00","81.10","3.70","4.50"
"Other","None","Yes","No","Fair","0-2","5-8","76-86","2-4","1","59.90","2.00","80.10","2.80","5.60"
"Female","Master","No","No","Fair","2-4","5-8","76-86","2-4","2","58.80","3.50","80.95","3.30","7.00"
"Male","Bachelor","Yes","No","Poor","2-4","5-8","> 86","0-2","1","33.60","3.00","95.20","0.30","6.70"
"Female","Bachelor","No","Yes","Good","> 4","5-8","76-86","2-4","1","85.60","6.00","80.70","3.60","7.10"
"Male","None","No","No","Good","2-4","5-8","> 86","0-2","1","53.20","4.00","92.60","1.90","5.30"
"Male","Bachelor","No","No","Fair","2-4","> 8","> 86","2-4","1","66.10","3.00","98.20","3.30","8.30"
"Male","High School","Yes","No","Good","2-4","5-8","76-86","2-4","1","68.60","3.00","80.80","3.20","5.20"
"Female","Bachelor","Yes","No","Good","0-2","5-8","> 86","2-4","1","77.40","0.00","97.60","3.70","5.70"
"Male","High School","Yes","Yes","Good","2-4","0-5","66-76","4-6","1","71.30","3.00","72.30","4.50","4.40"
"Male","Bachelor","No","No","Fair","2-4","5-8","66-76","4-6","1","76.00","3.00","73.20","4.20","6.20"
"Other","Master","No","No","Good","> 4","5-8","76-86","4-6","1","96.30","6.00","79.00","5.30","7.10"
"Male","Bachelor","No","Yes","Fair","> 4","0-5","76-86","2-4","1","46.70","5.00","78.00","3.20","4.20"
"Male","High School","Yes","Yes","Poor","2-4","5-8","> 86","4-6","1","73.70","3.00","95.30","4.50","7.60"
"Female","Bachelor","No","No","Good","2-4","5-8","76-86","2-4","2","65.55","3.50","79.90","2.90","7.15"
"Male","High School","No","Yes","Poor","0-2","5-8","76-86","2-4","1","72.20","0.00","85.80","3.30","6.90"
"Female","High School","Yes","No","Fair","2-4","5-8","> 86","2-4","1","58.60","4.00","86.10","3.20","7.70"
"Other","Master","No","No","Good","2-4","0-5","> 86","2-4","1","65.30","3.00","100.00","3.00","5.00"
"Male","Master","No","No","Fair","0-2","5-8","76-86","> 6","2","98.30","1.00","83.80","6.90","7.65"
"Female","High School","Yes","Yes","Good","> 4","5-8","> 86","4-6","1","99.00","5.00","89.10","5.80","7.90"
"Female","High School","No","No","Good","> 4","5-8","> 86","0-2","3","51.87","5.67","93.40","1.63","5.97"
"Male","Bachelor","No","No","Good","> 4","5-8","> 86","2-4","3","77.17","5.67","92.30","3.63","6.47"
"Female","None","No","No","Good","2-4","5-8","66-76","4-6","1","71.00","3.00","75.20","4.70","5.40"
"Female","High School","No","No","Good","> 4","5-8","66-76","2-4","1","53.90","6.00","75.30","2.40","6.50"
"Female","High School","Yes","No","Fair","0-2","5-8","76-86","4-6","1","87.50","2.00","76.60","4.40","5.40"
"Female","Bachelor","No","Yes","Fair","> 4","> 8","> 86","0-2","1","43.70","6.00","90.00","1.10","9.00"
"Male","High School","No","No","Good","0-2","5-8","76-86","0-2","1","49.80","2.00","85.50","1.80","6.40"
"Male","High School","No","No","Good","> 4","5-8","76-86","0-2","1","32.90","5.00","82.40","0.00","7.40"
"Female","None","No","Yes","Good","0-2","0-5","76-86","4-6","1","76.00","1.00","81.90","5.10","4.80"
"Female","Master","Yes","Yes","Good","> 4","5-8","76-86","0-2","1","31.50","5.00","77.90","0.20","7.00"
"Female","High School","No","No","Good","0-2","5-8","> 86","4-6","2","82.50","0.00","94.15","5.60","7.00"
"Male","High School","Yes","No","Good","> 4","5-8","66-76","0-2","1","58.30","6.00","73.70","2.00","6.30"
"Male","Bachelor","No","No","Good","2-4","0-5","> 86","4-6","1","100.00","4.00","88.90","5.10","4.10"
"Female","Bachelor","No","Yes","Fair","2-4","> 8","> 86","4-6","1","100.00","4.00","92.20","5.60","9.40"
"Female","High School","Yes","No","Poor","> 4","5-8","66-76","2-4","1","61.60","6.00","71.00","3.30","5.70"
"Male","Master","No","No","Good","2-4","5-8","66-76","4-6","1","74.60","4.00","76.00","4.40","5.40"
"Female","Bachelor","Yes","Yes","Fair","2-4","5-8","> 86","0-2","1","44.40","4.00","87.60","1.90","6.10"
"Female","Master","No","Yes","Fair","2-4","5-8","> 86","2-4","1","60.60","4.00","92.00","3.00","6.30"
"Male","Bachelor","No","No","Poor","0-2","5-8","66-76","2-4","1","58.10","0.00","70.30","3.80","7.00"
"Male","Bachelor","No","No","Good","0-2","5-8","> 86","2-4","2","73.30","1.00","94.60","3.15","6.25"
"Female","Bachelor","Yes","Yes","Fair","0-2","5-8","> 86","4-6","1","99.90","0.00","92.30","6.00","7.00"
"Female","Master","Yes","No","Fair","2-4","5-8","76-86","0-2","1","62.00","4.00","82.80","1.60","5.50"
